brand,main_category,name,price
CU,간편식사,주)3XL청양참치김치볶음,"1,600"
CU,간편식사,주)스팸데리마요밥바,"2,000"
CU,간편식사,샐)오리지널닭가슴살샐러,"4,800"
CU,간편식사,샐)허니리코타치즈샐러드,"4,800"
CU,간편식사,도)동원리챔앤참치김치,"5,500"
CU,간편식사,샐)뉴에그가먼저닭샐러드,"3,800"
CU,간편식사,샐)뉴흑임자치킨샐러드,"3,800"
CU,간편식사,샐)뉴치킨찹찹샐러드,"3,800"
CU,간편식사,주)3XL뉴크랩참치마요,"1,700"
CU,간편식사,주)참치김치볶음삼각,"1,300"
CU,간편식사,김)볶음김치참치김밥,"3,200"
CU,간편식사,주)참치마요김치제육더블,"2,200"
CU,간편식사,김)뉴압도적계란김밥,"3,100"
CU,간편식사,김)뉴스팸김치김밥,"3,000"
CU,간편식사,샐)골든텐더치킨보울,"6,500"
CU,간편식사,샐)PIG콥샐러드,"4,500"
CU,간편식사,핫)휴게소불고기핫도그,"3,600"
CU,간편식사,김)압도적불고기김밥,"3,400"
CU,간편식사,김)압도적제육김밥,"3,400"
CU,간편식사,주)스팸마요삼각제주,"1,400"
CU,간편식사,핫)오리지널핫도그,"3,700"
CU,간편식사,김)명작참치마요유부,"3,900"
CU,간편식사,김)명작크랩맛살유부,"3,900"
CU,간편식사,샌)에그&햄치즈샌드,"3,400"
CU,간편식사,주)게딱지장삼각,"1,400"
CU,간편식사,햄)A1빅모짜불고기버거,"3,800"
CU,간편식사,샌)파마산치킨햄샌드,"3,000"
CU,간편식사,김)전주비빔불고기김밥,"3,400"
CU,간편식사,주)3XL베이컨햄마요김치,"1,700"
CU,간편식사,핫)그릴드어니언핫도그,"3,700"
CU,간편식사,주)3XL떡갈비전주비빔,"1,700"
CU,간편식사,샌)급식대가계란샌드,"3,400"
CU,간편식사,김)급식대가정석김밥,"3,300"
CU,간편식사,주)고추장삼겹삼각,"1,300"
CU,간편식사,샌)뉴에그마니샌드,"3,000"
CU,간편식사,샌)뉴치폴레치킨샌드,"3,300"
CU,간편식사,햄)뉴더블UP빅불고기,"4,000"
CU,간편식사,샌)뉴반숙계란샌드,"3,700"
CU,간편식사,샌)햄에그샐러드샌드위치,"2,500"
CU,간편식사,샌)뉴뚱실햄에그샌드,"3,900"
CU,간편식사,면)하와이안갈릭쉬림프,"5,000"
CU,간편식사,햄)하와이안코코넛쉬림프,"4,200"
CU,간편식사,주)3XL고추참치삼각,"1,700"
CU,간편식사,도)하와이안떠먹는피자,"5,400"
CU,간편식사,도)놀라운간장버터계란밥,"4,000"
CU,간편식사,김)크랩샐러드초밥김밥,"3,400"
CU,간편식사,김)메타몽소시지김밥,"3,600"
CU,간편식사,샐)칠리포크타코샐러드,"5,700"
CU,간편식사,핫)하인즈케요네즈도그,"4,500"
CU,간편식사,도)일식한상야끼소바,"4,900"
CU,간편식사,샌)메타몽블루베리샌드,"3,900"
CU,간편식사,김)하인즈햄에그마요김밥,"3,200"
CU,간편식사,도)훈제오리겨자비빔,"5,400"
CU,간편식사,샐)풀드치킨타코샐러드,"5,700"
CU,간편식사,햄)하인즈아메리칸비프,"4,200"
CU,간편식사,샌)하인즈베이컨치즈샌드,"4,900"
CU,간편식사,도)메타몽돈까스정식,"5,700"
CU,간편식사,주)김치제육삼각,"1,300"
CU,간편식사,샐)두부어묵볼샐러드,"5,000"
CU,간편식사,샌)톡톡옥수수크림샌드,"1,900"
CU,간편식사,샌)리얼베이컨포테이토햄,"2,700"
CU,간편식사,햄)BBQ스테이크버거,"3,800"
CU,간편식사,주)K전통너비아니삼각,"1,400"
CU,간편식사,김)K전통너비아니김밥,"3,300"
CU,간편식사,면)짬뽕탕수육반반,"6,500"
CU,간편식사,샌)쿠키앤크림샌드,"1,900"
CU,간편식사,주)계란볶음밥닭갈비삼각,"1,400"
CU,간편식사,김)스윗고구마돈까스김밥,"3,600"
CU,간편식사,도)K전통소불고기비빔밥,"5,500"
CU,간편식사,샌)스윗밤이송송샌드,"3,500"
CU,간편식사,김)김천호두마요제육김밥,"3,600"
CU,간편식사,면)짜장탕수육반반,"6,500"
CU,간편식사,햄)스윗고구마모짜버거,"3,200"
CU,간편식사,도)맛밤떡갈비한상정식,"5,900"
CU,간편식사,도)춘천식고구마닭갈비,"6,900"
CU,간편식사,주)3XL밤소불고기삼각,"1,800"
CU,간편식사,햄)하인즈데미함박버거,"4,900"
CU,간편식사,핫)히어로즈야끼소바도그,"4,200"
CU,간편식사,햄)더블불고기갈릭마요,"3,000"
CU,간편식사,샌)더건강저당바베큐샌드,"3,600"
CU,간편식사,주)더건강파로현미참치,"1,300"
CU,간편식사,도)더건강단호박훈제오리,"6,900"
CU,간편식사,도)더건강찜닭앤파로밥,"5,500"
CU,간편식사,핫)하인즈BBQ핫도그,"4,800"
CU,간편식사,샐)구운버섯단호박샐러드,"5,900"
CU,간편식사,햄)바삭튀김그릴드포크,"4,200"
CU,간편식사,샌)시금치토마토불고기,"4,000"
CU,간편식사,김)더건강파로현미참치,"3,800"
CU,간편식사,주)계란볶음밥불고기삼각,"1,400"
CU,간편식사,샌)하인즈스페셜토스트,"4,900"
CU,간편식사,샐)케이준치킨너겟샐러드,"4,900"
CU,간편식사,햄)바삭튀김직화불고기,"4,200"
CU,간편식사,주)하인즈쏘야삼각,"1,300"
CU,간편식사,도)하인즈오므라이스정식,"5,900"
CU,간편식사,면)하인즈미트볼파스타,"5,200"
CU,간편식사,주)브롤3XL명란참격,"1,700"
CU,간편식사,김)브롤바삭베이컨김치볶,"2,200"
CU,간편식사,샐)바질리코타샐러드,"5,900"
CU,간편식사,김)브롤바삭명란마요,"2,200"
CU,간편식사,햄)촉촉에그함박버거,"4,500"
CU,간편식사,주)브롤3XL참치슬라이스,"1,600"
CU,간편식사,도)가격파괴고추잡채꽃빵,"7,900"
CU,간편식사,햄)압도적플러스3단버거,"3,900"
CU,간편식사,샐)모짜렐라카프레제,"5,300"
CU,간편식사,도)리얼모짜치즈돈까스,"7,900"
CU,간편식사,주)압도적플러스더블삼각,"2,800"
CU,간편식사,김)압도적플러스반반김밥,"3,500"
CU,간편식사,도)압도적플러스불백제육,"6,400"
CU,간편식사,김)한가위잡채양념김밥,"3,400"
CU,간편식사,주)한가위잡채삼각,"1,300"
CU,간편식사,햄)T1리얼비프버거,"3,600"
CU,간편식사,김)T1데리야끼치킨김밥,"3,400"
CU,간편식사,도)한가위11찬도슭,"7,500"
CU,간편식사,주)3XLT1돈까스삼각,"1,700"
CU,간편식사,도)가격파괴찍먹탕수육,"5,900"
CU,간편식사,도)압도적산더미직화불백,"5,300"
CU,간편식사,주)한가위너비아니삼각,"1,400"
CU,간편식사,햄)고구마피자버거,"3,200"
CU,간편식사,햄)치즈치킨버거,"3,600"
CU,간편식사,면)꾸덕라구치즈파스타,"4,900"
CU,간편식사,햄)뉴베이컨에그모닝머핀,"3,700"
CU,간편식사,샐)베리리코타치즈샐러드,"3,800"
CU,간편식사,샌)딸기잼햄감자샌드,"3,600"
CU,간편식사,햄)국민새우버거,"4,000"
CU,간편식사,핫)가격파괴핫도그팩,"7,900"
CU,간편식사,김)가격파괴소불고기유부,"6,900"
CU,간편식사,도)참깨라면계란볶음밥,"3,900"
CU,간편식사,도)참깨라면만두강정,"4,200"
CU,간편식사,햄)뉴크리미어니언치킨,"4,200"
CU,간편식사,햄)어니언불고기한돈버거,"3,800"
CU,간편식사,샌)통밀치킨크랜베리,"3,900"
CU,간편식사,샐)닭가슴살고구마샐러드,"6,000"
CU,간편식사,샐)쉬림프에그샐러드,"6,000"
CU,간편식사,도)한끼만족제육앤카츠,"5,500"
CU,간편식사,햄)에그불고기버거,"4,000"
CU,간편식사,김)참깨라면계란김밥,"3,300"
CU,간편식사,햄)맛폴리파마산치킨버거,"4,900"
CU,간편식사,샌)생식빵계란샌드,"3,900"
CU,간편식사,면)참깨라면에그파스타,"4,800"
CU,간편식사,샐)클래식콥샐러드,"5,800"
CU,간편식사,주)참깨라면계란삼각,"1,400"
CU,간편식사,주)흑돼지김치제육제주,"1,400"
CU,간편식사,주)흑돼지간장불고기제주,"1,400"
CU,간편식사,햄)치즈더블버거,"3,600"
CU,간편식사,햄)한돈모짜바베큐버거,"3,800"
CU,간편식사,샌)바삭치킨머스타드랩,"4,500"
CU,간편식사,도)한끼만족뉴최애11첩,"6,800"
CU,간편식사,햄)햄에그모닝머핀,"3,500"
CU,간편식사,김)스노우폭스촉촉에그롤,"4,000"
CU,간편식사,면)단호박크림파스타,"4,800"
CU,간편식사,햄)디스이즈치즈버거,"4,900"
CU,간편식사,김)케이통소불고기김밥,"2,900"
CU,간편식사,도)스노우폭스가라아게,"5,300"
CU,간편식사,도)스노우폭스촉촉규동,"5,300"
CU,간편식사,도)놀라운치킨폭탄덮밥,"3,900"
CU,간편식사,도)놀라운참치폭탄덮밥,"3,900"
CU,간편식사,샌)햄에그후라이샌드,"3,000"
CU,간편식사,샐)뉴욕식참깨베이글박스,"4,800"
CU,간편식사,김)명작김치참치유부,"4,300"
CU,간편식사,주)압도적플러스흑돈간장,"1,900"
CU,간편식사,샌)압도적통밀햄샌드,"3,900"
CU,간편식사,햄)뉴점보더블치즈버거,"3,200"
CU,간편식사,햄)뉴점보더블토마토,"3,700"
CU,간편식사,샐)푸실리파스타샐러드,"5,600"
CU,간편식사,김)치즈고추장참치김밥,"3,200"
CU,간편식사,면)감자크림카레우동,"4,700"
CU,간편식사,샐)뉴욕식치즈베이글박스,"4,800"
CU,간편식사,주)압도적플러스흑돈제육,"1,900"
CU,간편식사,도)압도적플러스피자치킨,"9,900"
CU,간편식사,도)압도적플러스갈릭치킨,"9,900"
CU,간편식사,도)압도적플러스유린기,"9,900"
CU,간편식사,도)압도적플러스제육한상,"5,900"
CU,간편식사,김)압도적플러스오색야채,"3,500"
CU,간편식사,면)압도적플러스아라비따,"5,900"
CU,간편식사,햄)압도적플러스꽉찬비프,"4,200"
CU,간편식사,도)압도적플러스불백김치,"5,900"
CU,간편식사,도)압도적뉴한돈간장불백,"5,900"
CU,간편식사,김)명작크리미샐러드유부,"4,300"
CU,간편식사,샌)크래프트리얼에그샌드,"3,000"
CU,간편식사,도)압도적뉴한돈김치제육,"5,900"
CU,간편식사,햄)화이트갈릭치킨버거,"4,500"
CU,간편식사,핫)크래프트미트칠리도그,"3,900"
CU,간편식사,햄)크래프트베이컨버거,"3,800"
CU,간편식사,샐)PIG에그치킨샐러드,"4,500"
CU,간편식사,샐)멕시칸식샐러드보울,"6,500"
CU,간편식사,샌)가격파괴햄에그샌드팩,"7,900"
CU,간편식사,도)급식대가햄폭탄정식,"4,900"
CU,간편식사,햄)리코타치즈치킨버거,"4,500"
CU,간편식사,김)압도적김치볶음참치,"3,500"
CU,간편식사,샌)무화과크림치즈샌드,"3,500"
CU,간편식사,주)3XL뉴중화비빔삼각,"1,700"
CU,간편식사,햄)국민함박스테이크버거,"2,900"
CU,간편식사,도)가격파괴5000타코야끼,"5,000"
CU,간편식사,핫)크래프트스위트콘도그,"3,900"
CU,간편식사,샌)크래프트리얼BELT샌드,"3,000"
CU,간편식사,햄)크래프트홀그레인버거,"3,800"
CU,간편식사,도)급식대가뉴정석도시락,"5,700"
CU,간편식사,주)참치마요닭갈비더블,"2,300"
CU,간편식사,도)백종원뉴고기3배한판,"5,500"
CU,간편식사,도)한끼만족뉴7첩한상,"5,700"
CU,간편식사,샐)명란마요새우샐러드,"6,900"
CU,간편식사,샐)닭가슴살리코타샐러드,"5,900"
CU,간편식사,김)압도적치즈참치김밥,"3,400"
CU,간편식사,샌)무화과햄치즈샌드,"3,500"
CU,간편식사,주)참치소고기고추장더블,"2,300"
CU,간편식사,샌)퐁실에그햄샌드,"3,900"
CU,간편식사,샌)퐁실에그베이컨샌드,"3,900"
CU,간편식사,김)히어로즈롱소시지김밥,"4,300"
CU,간편식사,도)뉴백종원제육한판,"5,200"
CU,간편식사,주)곱창김참닭갈비,"1,400"
CU,간편식사,도)뉴백종원스페셜한판,"5,200"
CU,간편식사,도)백종원완전한판(뉴),"5,500"
CU,간편식사,주)곱창김갓참치마요,"1,400"
CU,간편식사,김)명작베이컨마요유부,"4,300"
CU,간편식사,면)열무김치비빔막국수,"5,700"
CU,간편식사,햄)갈릭데리함박버거,"3,200"
CU,간편식사,샐)분짜쉬림프샐러드,"3,900"
CU,간편식사,샐)와사비메밀치킨샐러드,"3,900"
CU,간편식사,도)한끼만족뉴함박치킨,"5,900"
CU,간편식사,샌)아삭햄감자맛살,"3,000"
CU,간편식사,주)3XL간장우삼겹삼각,"1,900"
CU,간편식사,김)급식대가대패제육김밥,"3,500"
CU,간편식사,주)급식대가대패제육,"1,300"
CU,간편식사,면)백김치물비빔막국수,"5,600"
CU,간편식사,햄)3단맥스투움바버거,"3,600"
CU,간편식사,샌)포테이토갈릭크림,"3,000"
CU,간편식사,주)매콤간장어묵삼각,"1,400"
CU,간편식사,김)창녕마늘돼지갈비김밥,"3,600"
CU,간편식사,김)가격파괴든든유부초밥,"5,900"
CU,간편식사,샐)단백충전촉촉치킨,"6,900"
CU,간편식사,햄)스윗칠리치킨버거,"3,400"
CU,간편식사,햄)스모키더블불고기치즈,"3,000"
CU,간편식사,면)양식한상볼로네제라구,"4,900"
CU,간편식사,김)캘리포니아롤돈카츠,"3,900"
CU,간편식사,도)넘버원갈릭쌀치킨,"7,500"
CU,간편식사,도)넘버원양념쌀치킨,"7,500"
CU,간편식사,도)압도적양념치킨마요,"8,900"
CU,간편식사,도)오색별미열무비빔밥,"4,800"
CU,간편식사,도)뉴고기듬뿍간장불백,"4,800"
CU,간편식사,도)고기듬뿍김치제육,"4,700"
CU,간편식사,도)놀라운소시지야채덮밥,"3,900"
CU,간편식사,도)놀라운전주식비빔덮밥,"3,900"
CU,간편식사,햄)3단맥스숯불갈릭,"3,600"
CU,간편식사,김)캘리포니아롤크랩,"3,700"
CU,간편식사,샌)케이준치킨샌드,"3,800"
CU,간편식사,김)촉촉두툼계란초밥김밥,"3,500"
CU,간편식사,도)한끼만족매콤제육,"5,400"
CU,간편식사,김)압도적치즈불고기김밥,"3,600"
CU,간편식사,김)화끈불제육김밥,"3,500"
CU,간편식사,주)화끈불제육삼각,"1,400"
CU,간편식사,샐)타임핏디너치킨샐러드,"3,800"
CU,간편식사,도)한끼만족간장불백,"5,400"
CU,간편식사,김)압도적치즈제육김밥,"3,600"
CU,간편식사,도)압도적두툼돈까스정식,"5,900"
CU,간편식사,주)감자탕볶음밥맛삼각,"1,500"
CU,간편식사,샐)타임핏모닝요거샐러드,"3,800"
CU,간편식사,샐)타임핏런치포크샐러드,"3,800"
CU,간편식사,김)압도적치즈계란김밥,"3,400"
CU,간편식사,샌)감자치즈베이컨샌드,"3,700"
CU,간편식사,햄)베이컨치즈불고기버거,"3,900"
CU,간편식사,주)3XL맛초킹치킨삼각,"1,800"
CU,간편식사,김)맛초킹치킨김밥,"3,500"
CU,간편식사,김)압도적뉴참치마요,"3,000"
CU,간편식사,샐)훈제닭가슴살샐러드,"4,100"
CU,간편식사,면)쟌슨빌로제파스타,"5,200"
CU,간편식사,햄)3단맥스숯불바베큐,"3,600"
CU,간편식사,김)뉴듬뿍소불고기김밥,"3,600"
CU,간편식사,김)리챔마요김치볶음김밥,"3,200"
CU,간편식사,주)3XL바싹제육불고기,"1,800"
CU,간편식사,김)집밥장조림김밥,"3,500"
CU,간편식사,샌)딸기잼햄치즈샌드,"3,000"
CU,간편식사,햄)뉴국민불고기버거,"3,500"
CU,간편식사,주)압도적리치스팸마요,"1,900"
CU,간편식사,주)압도적리치참치마요,"1,700"
CU,간편식사,주)리치참치마요삼각,"1,200"
CU,간편식사,면)양식한상감바스파스타,"4,900"
CU,간편식사,샌)크랩마요샌드,"3,200"
CU,간편식사,면)나폴리탄의정석,"4,800"
CU,간편식사,샌)통밀햄치즈샌드,"3,700"
CU,간편식사,도)한끼만족최애11첩,"6,500"
CU,간편식사,주)양념곱창볶음밥맛삼각,"1,500"
CU,간편식사,주)치즈닭갈비볶음밥맛,"1,500"
CU,간편식사,샌)통밀햄토마토샌드,"3,700"
CU,간편식사,주)히어로즈소고기고추장,"1,500"
CU,간편식사,주)3XL콘참치마요삼각,"1,500"
CU,간편식사,햄)더블불고기치즈버거,"3,000"
CU,간편식사,김)오일컷담백참치마요,"3,400"
CU,간편식사,샐)치킨브레스트햄,"4,900"
CU,간편식사,김)돈까스샐러드김밥,"3,400"
CU,간편식사,샐)크리미맛살샐러드,"4,900"
CU,간편식사,샐)블랙페퍼닭가슴살,"4,900"
CU,간편식사,주)뉴3XL간장바싹불고기,"1,800"
CU,간편식사,주)뉴숯불향치킨삼각,"1,300"
CU,간편식사,주)뉴압도적마늘제육깻잎,"1,900"
CU,간편식사,주)뉴전주비빔소불고기,"1,500"
CU,간편식사,샌)더뉴대만식연유,"3,000"
CU,간편식사,햄)통통치킨다리살버거,"4,000"
CU,간편식사,샌)아삭베이컨치즈샌드,"3,800"
CU,간편식사,샐)뉴닭가슴살단호박,"4,900"
CU,간편식사,샌)뉴햄에그치즈샌드,"3,600"
CU,간편식사,샌)뉴햄감자샐러드샌드,"3,500"
CU,간편식사,샌)뉴이건가요샌드,"3,000"
CU,간편식사,샌)백종원10주년더블샌드,"3,500"
CU,간편식사,샌)크래프트치즈딸기샌드,"2,700"
CU,간편식사,주)전주비빔주먹볼,"2,300"
CU,간편식사,햄)압도적뉴불새버거,"4,500"
CU,간편식사,햄)압도적뉴더블비프버거,"4,500"
CU,간편식사,주)주먹왕참치마요김볶,"2,300"
CU,간편식사,샐)WOW골든치킨텐더샐러드,"2,900"
CU,간편식사,샐)WOW에그슬라이스샐러드,"2,900"
CU,간편식사,샌)뉴뚱실사라다샌드,"3,700"
CU,즉석조리,해동)마늘간장안심대컵,"11,700"
CU,즉석조리,해동)마늘간장안심닭강정,"3,900"
CU,즉석조리,튀김)한입쏙쏙핑거치킨,"9,900"
CU,즉석조리,튀김)체다치즈핫찰도그N,"2,500"
CU,즉석조리,튀김)핫찰도그바N,"2,200"
CU,즉석조리,해동)매콤달콤안심대컵,"11,700"
CU,즉석조리,튀김)매콤달콤안심닭강정,"3,900"
CU,즉석조리,해동)마늘간장닭강정대컵,"13,500"
CU,즉석조리,해동)허니꿀닭강정대컵,"13,500"
CU,즉석조리,해동)매콤달콤닭강정대컵,"13,500"
CU,즉석조리,해동)와사비마요강정대컵,"13,500"
CU,즉석조리,해동)와사비마요닭강정컵,"4,500"
CU,즉석조리,튀김)바삭한치즈핫도그,"3,200"
CU,즉석조리,해동)숯불갈비맛강정꼬치,"2,400"
CU,즉석조리,튀김)바삭한핫도그,"2,800"
CU,즉석조리,프라페)초코믹스프레소,"3,200"
CU,즉석조리,프라페)밀크믹스프레소,"3,200"
CU,즉석조리,해동)마늘간장닭강정소컵,"4,500"
CU,즉석조리,해동)베어스허니꿀닭강정,"4,500"
CU,즉석조리,즉석빵)뺑오쇼콜라,"1,400"
CU,즉석조리,뉴get커피블렌드다크500g,"22,800"
CU,즉석조리,해동)매콤달콤닭강정소컵,"4,500"
CU,즉석조리,튀김)옛날통닭한마리,"9,900"
CU,즉석조리,튀김)18cm오징어튀김,"1,900"
CU,즉석조리,튀김)순살치킨바스켓,"9,900"
CU,즉석조리,튀김)18cm매콤통김말이,"1,500"
CU,즉석조리,튀김)18cm통새우꼬치,"2,200"
CU,즉석조리,공주)밤티라미라떼파우더,"1,200"
CU,즉석조리,이천)쌀라떼파우더,"1,200"
CU,즉석조리,튀김)옛날치킨한마리조각,"12,500"
CU,즉석조리,튀김)크림대파고로케,"1,600"
CU,즉석조리,오뎅)고래사새우봉꼬치,"1,500"
CU,즉석조리,남양)카페라떼파우더,500
CU,즉석조리,꽃샘)꿀배시럽,"1,200"
CU,즉석조리,튀김)뉴단팥붕어빵N,"1,100"
CU,즉석조리,튀김)뉴슈크림붕어빵N,"1,100"
CU,즉석조리,튀김)점보용가리꼬치,"3,000"
CU,즉석조리,튀김)토네이도핫도그,"2,100"
CU,즉석조리,튀김)토네이도감자,"2,200"
CU,즉석조리,튀김)치즈시즈닝1회용,300
CU,즉석조리,즉석빵)마카다미아쿠키,"1,200"
CU,즉석조리,즉석빵)더블초코칩쿠키,"1,000"
CU,즉석조리,튀김)육즙팡팡닭다리,"2,700"
CU,즉석조리,꽃샘)복숭아아이스티시럽,"1,200"
CU,즉석조리,튀김)마라순살치킨꼬치N,"2,000"
CU,즉석조리,즉석빵)블랜드크로아상N,"1,300"
CU,즉석조리,튀김)뉴곰돌이치킨바N,"1,300"
CU,즉석조리,튀김)닭다리순살꼬치N,"2,200"
CU,즉석조리,튀김)닭다리순살꼬치매콤N,"2,200"
CU,즉석조리,튀김)매콤가라아게꼬치N,"2,200"
CU,즉석조리,튀김)가라아게꼬치N,"2,200"
CU,즉석조리,튀김)후라이드닭다리N,"2,300"
CU,즉석조리,도너츠)초코보스톤N,"1,200"
CU,즉석조리,도너츠)딸기보스톤N,"1,200"
CU,즉석조리,튀김)뉴자이언트지파이N,"3,200"
CU,즉석조리,도너츠)초코후로스트N,"1,100"
CU,즉석조리,도너츠)초코케익글레이즈N,"1,200"
CU,즉석조리,GET아이스아메리카노벤티,"1,300"
CU,즉석조리,튀김)5마리통새우꼬치N,"1,800"
CU,즉석조리,도너츠)스위트츄잉도넛N,"1,200"
CU,즉석조리,도너츠)바바리안필드N,"1,200"
CU,즉석조리,도너츠)스트로베리필드N,"1,200"
CU,즉석조리,튀김)바삭매콤순살꼬치N,"2,200"
CU,즉석조리,튀김)바삭순살치킨꼬치N,"2,200"
CU,즉석조리,튀김)치즈휴게소소시지바N,"2,400"
CU,즉석조리,튀김)휴게소소시지바N,"2,400"
CU,즉석조리,튀김)소떡소떡N,"1,800"
CU,즉석조리,즉석빵)우유크림소보로N,"1,800"
CU,즉석조리,즉석빵)땅콩크림샌드N,"1,600"
CU,즉석조리,즉석빵)우유크림샌드N,"1,600"
CU,즉석조리,해동)가마로강정꼬치매콤N,"2,300"
CU,즉석조리,즉석빵)맛있는슈크림빵N,"1,400"
CU,즉석조리,즉석빵)맛있는단팥빵N,"1,400"
CU,즉석조리,즉석빵)옥수수크림샌드N,"1,500"
CU,즉석조리,튀김)갈릭디핑소스N,500
CU,즉석조리,튀김)양념치킨소스N,500
CU,즉석조리,도너츠)코코넛초코링N,"1,000"
CU,즉석조리,오뎅)고래사사각어묵,"1,000"
CU,즉석조리,튀김)자이언트순살치킨N,"8,900"
CU,즉석조리,튀김)치즈볼1입N,500
CU,즉석조리,도너츠)글레이즈드도넛N,"1,500"
CU,즉석조리,오뎅)고래사모듬꼬치어묵N,"1,500"
CU,즉석조리,튀김)버팔로봉봉스틱N,"8,600"
CU,즉석조리,GET헤이즐넛향시럽,400
CU,즉석조리,해동)참숯구이매콤닭꼬치N,"2,300"
CU,즉석조리,해동)참숯구이닭꼬치N,"2,300"
CU,즉석조리,오뎅)미도사각꼬치어묵N,"1,000"
CU,즉석조리,도너츠)비스마르크도넛N,"1,100"
CU,즉석조리,즉석빵)브라우니쿠키N,"1,400"
CU,즉석조리,해동)자이언트통다리N,"4,900"
CU,즉석조리,GET바닐라라떼파우더,500
CU,즉석조리,튀김)매콤넓적다리N,"3,000"
CU,즉석조리,튀김)넓적다리N,"3,000"
CU,즉석조리,튀김)후라이드치킨N,"10,900"
CU,즉석조리,GET아이스아메리카노XL,900
CU,즉석조리,도너츠)딸기링도넛N,"1,100"
CU,즉석조리,도너츠)화이트초코링N,"1,400"
CU,즉석조리,즉석빵)스위트크런치N,900
CU,즉석조리,즉석빵)치즈쿠키N,600
CU,즉석조리,즉석빵)쵸코칩쿠키N,500
CU,즉석조리,즉석빵)초코크로와상N,"1,700"
CU,즉석조리,즉석빵)메이플피칸파이N,"1,900"
CU,즉석조리,즉석빵)찰호박꽈베기N,"1,500"
CU,즉석조리,즉석빵)팥앙금패스트리N,"1,300"
CU,즉석조리,즉석빵)고구마슈크림N,"1,400"
CU,즉석조리,즉석빵)쫀득우유찰빵N,400
CU,즉석조리,GET핫아메리카노L,"1,500"
CU,즉석조리,즉석빵)촉촉한초코칩쿠키N,800
CU,즉석조리,즉석빵)애플크라운N,"1,700"
CU,즉석조리,도너츠)초코마카롱도넛N,"1,100"
CU,즉석조리,도너츠)딸기마카롱도넛N,"1,100"
CU,즉석조리,즉석빵)고구마파이N,"1,700"
CU,즉석조리,피자)콤비네이션피자N,"7,200"
CU,즉석조리,피자)치즈피자N,"7,200"
CU,즉석조리,피자)불고기피자N,"7,200"
CU,과자류,선우)달너새랜덤초콜릿,"2,800"
CU,과자류,고운벗)스노우생초코말차,"2,000"
CU,과자류,PBICK)바삭달콤소라형스낵,"1,500"
CU,과자류,피치)먹는컵모양젤리,"2,300"
CU,과자류,미스티)산리오마시멜로,"2,000"
CU,과자류,조이)블랙쿠키케이크바,"4,700"
CU,과자류,스위트)포켓몬캔디머신,"4,500"
CU,과자류,브롤)미스터P감자치즈호빵,"2,500"
CU,과자류,브롤)모티스고구마호빵,"2,500"
CU,과자류,삼립)25흑당단팥호빵3입,"6,000"
CU,과자류,삼립)25감주통팥호빵3입,"6,000"
CU,과자류,삼립)허쉬초코와플,"2,000"
CU,과자류,삼립)허쉬딥초코머핀,"2,500"
CU,과자류,삼립)허쉬루돌프초코슈,"3,500"
CU,과자류,농심)멘토스필링베리굿,900
CU,과자류,SA)하츄핑사우어4D젤리,"2,500"
CU,과자류,키즈웰)치즈냥이빵,"1,600"
CU,과자류,스위트)트롤리게코젤리,"2,500"
CU,과자류,삼경)웨더스크리미필링,"3,200"
CU,과자류,삼립)25감주통팥호빵,"2,000"
CU,과자류,삼립)25흑당단팥호빵,"2,000"
CU,과자류,CYE)깨먹는초코케이크,"4,800"
CU,과자류,미성)허쉬다크초콜릿베리,"2,000"
CU,과자류,미성)허쉬다크초콜릿석류,"2,000"
CU,과자류,조이)두바이쫀득마카롱,"3,200"
CU,과자류,롯데)쌀로칩치즈버거맛,"1,800"
CU,과자류,포켓몬)초코감자나쵸칩70g,"2,000"
CU,과자류,포켓몬)스위씨나쵸칩70g,"2,000"
CU,과자류,해태)자가비바질크림치즈,"2,000"
CU,과자류,브롤)크로우초코크림빵,"1,800"
CU,과자류,미성)허쉬그레인쿠키,"2,000"
CU,과자류,하와이안)더블마카롱,"3,600"
CU,과자류,비이)오리알모양젤리,"1,500"
CU,과자류,하와이안)솔트브라우니,"2,300"
CU,과자류,미스티)짱구말랑피규어,"5,500"
CU,과자류,미스티)별의커비피규어껌5,"5,500"
CU,과자류,동국)덴트릭스크러쉬볼,"6,500"
CU,과자류,CYE)바닐라크림도넛,"3,200"
CU,과자류,삼립)김치만두호빵1입,"1,700"
CU,과자류,삼립)알찬피자호빵1입,"1,700"
CU,과자류,삼립)생생야채호빵1입,"1,700"
CU,과자류,삼립)전통단팥호빵1입,"1,500"
CU,과자류,SA)티니핑하츄핑왕관젤리,"2,000"
CU,과자류,키즈웰)우유모찌케이크,"2,500"
CU,과자류,키즈웰)딸기모찌케이크,"2,500"
CU,과자류,브롤)제시땅콩크림빵,"1,800"
CU,과자류,CYE)블랙마카롱,"3,800"
CU,과자류,교보)문장한입팝콘75g,"1,900"
CU,과자류,PBICK)허니팝콘앤아몬드,"1,800"
CU,과자류,고운벗)츄라피레몬콜라,"2,000"
CU,과자류,오리온)태양의맛썬타코80g,"1,700"
CU,과자류,오뚜기)뿌셔뿌셔구운양파,"1,500"
CU,과자류,대경)크리스피샤크,700
CU,과자류,어니)뽀로로초코츄러스,600
CU,과자류,농심)린도볼밀크5P,"6,100"
CU,과자류,노티드)프렌즈마카롱,"3,800"
CU,과자류,SC)제주말차카라멜,"1,500"
CU,과자류,스위트)마치사과같은젤리,"2,300"
CU,과자류,노티드)사과잼생크림도넛,"3,500"
CU,과자류,켈로그)제로슈거컵시리얼,"2,300"
CU,과자류,삼립)꿀고물렛,"2,900"
CU,과자류,KH)토마토비프그라탕빵,"3,600"
CU,과자류,KH)데미포크그라탕빵,"3,600"
CU,과자류,SA)티니핑아름핑하트젤리,"2,000"
CU,과자류,키즈웰)슈슈슈슈슈크림빵,"4,700"
CU,과자류,에이스)훗카이도저지푸딩,"4,800"
CU,과자류,키즈웰)초코미니크런치,"4,800"
CU,과자류,키즈웰)쿠키미니크런치,"4,800"
CU,과자류,키즈웰)말차미니크런치,"4,800"
CU,과자류,삼경)로아커나폴리54g,"2,500"
CU,과자류,삼경)로아커초콜릿54g,"2,500"
CU,과자류,PBICK)크림브륄레쌀짱,"1,700"
CU,과자류,제이)말차카라멜팝콘35g,"1,500"
CU,과자류,연세)치플레치즈생크림빵,"3,600"
CU,과자류,오리온)무뚝뚝감자올리브,"2,000"
CU,과자류,오리온)카라멜크룽지70g,"1,700"
CU,과자류,스위트)알포트쇼콜라초코,"3,500"
CU,과자류,삼경)하리보펀에디션,"2,200"
CU,과자류,롯데)사랑방동결건조캔디,"3,000"
CU,과자류,조이)베리초코케이크바,"4,700"
CU,과자류,호정)군고구마도나스,"1,200"
CU,과자류,롯데)빈츠말차,"3,500"
CU,과자류,롯데)짱셔요터프츄잉,"1,200"
CU,과자류,롯데)짱셔요스위티자몽,"1,200"
CU,과자류,하림)오늘단백바제주말차,"2,900"
CU,과자류,오리온)졸음싹다깨껌,"4,000"
CU,과자류,오리온)초코송이제주말차,"1,200"
CU,과자류,삼립)고구마뿌륄레,"4,200"
CU,과자류,삼립)안동식찜닭호빵,"1,800"
CU,과자류,삼립)닭갈비볶음밥호빵,"1,800"
CU,과자류,삼립)복숭아주머니,"3,900"
CU,과자류,KH)뉴욕베이글옥수수,"3,300"
CU,과자류,농심)츄파사워미니튜브,"2,000"
CU,과자류,해태)프리츠떡볶이맛,"1,500"
CU,과자류,PBICK솔티드버터러스크,"1,800"
CU,과자류,스위트)훈와리군고구마26g,"2,700"
CU,과자류,다이닝)bhc뿌링팝콘,"1,800"
CU,과자류,크라운)카라멜콘땅콩150g,"3,000"
CU,과자류,해태)구운와사비명란마요,"1,700"
CU,과자류,메타몽)DIY드로잉쿠키,"3,000"
CU,과자류,스위트)먼작귀보틀별사탕,"4,500"
CU,과자류,삼립)25야채호빵4입,"6,400"
CU,과자류,삼립)25피자호빵4입,"6,400"
CU,과자류,해태)버터링딥말차,"3,400"
CU,과자류,홍만당)롱롱이꿀흑임자,"1,600"
CU,과자류,홍만당)롱롱이꿀아몬드,"1,600"
CU,과자류,대경)향라맛둔분,700
CU,과자류,삼립)25피자호빵,"1,600"
CU,과자류,삼립)25야채호빵,"1,600"
CU,과자류,마이)저당말차초코볼,"3,000"
CU,과자류,마이)저당다크초코볼,"3,000"
CU,과자류,브롤)엘프리모납작호떡,"1,800"
CU,과자류,오뚜기)뿌셔뿌셔리얼치즈,"1,500"
CU,과자류,오뚜기)뿌셔불고기맛팝콘,"2,000"
CU,과자류,농심)포테토칩K양념치킨맛,"1,700"
CU,과자류,널담)흑임자파운드,"2,300"
CU,과자류,널담)다크초코파운드,"2,300"
CU,과자류,조이)두바이초코브라우니,"3,900"
CU,과자류,담터)애사비젤리믹스,"2,000"
CU,과자류,담터)콤부차젤리믹스,"2,000"
CU,과자류,브롤)포코콘크림소보로빵,"1,800"
CU,과자류,브롤)니타딸기잼크림빵,"1,800"
CU,과자류,브롤)에드거초코푸딩,"2,800"
CU,과자류,브롤)스파이크말차푸딩,"2,800"
CU,과자류,브롤)파이퍼바나나푸딩,"2,800"
CU,과자류,롯데)몽쉘말차딸기,"4,500"
CU,과자류,롯데)랑드샤말차쇼콜라,"4,800"
CU,과자류,유라가)두바이쫀득찹쌀떡,"3,100"
CU,과자류,삼립)25꿀고구마호빵4입,"6,400"
CU,과자류,삼립)25단팥호빵4입,"5,600"
CU,과자류,대경)멜로누가후르츠,"1,000"
CU,과자류,대진)콜라향츄잉캔디13g,500
CU,과자류,키즈웰)왕통팥땅콩빵,"1,300"
CU,과자류,삼립)25꿀고구마호빵,"1,600"
CU,과자류,삼립)25단팥호빵,"1,400"
CU,과자류,푸드)에스프레소비스켓,"2,300"
CU,과자류,당과점)냉동옥수수타르트,"2,200"
CU,과자류,매크로)키드오딸기,"2,000"
CU,과자류,매크로)키드오레몬버터,"2,000"
CU,과자류,매크로)키드오버터,"2,000"
CU,과자류,2518)메타몽팝핑쪼꼬스틱,"1,500"
CU,과자류,서주)마스코트젤리,"5,800"
CU,과자류,405)밀크스틱브레드,"2,400"
CU,과자류,디즈니)허니카스테라,"2,400"
CU,과자류,한울)마카다미아말차쿠키,"2,900"
CU,과자류,삼경)캬라파키산리오초코,"2,800"
CU,과자류,삼양)맹구짱구85g,"1,700"
CU,과자류,농심)포테토칩4번들,"4,500"
CU,과자류,농심)베스트스낵4번들,"5,000"
CU,과자류,마즈)트윅스솔티드카라멜,"1,800"
CU,과자류,나무)리락쿠마구름솜사탕,"2,000"
CU,과자류,미성)말차초코룹스쿠키,"1,800"
CU,과자류,비이)KPOP노래캔디,"4,500"
CU,과자류,몽뜨)말차라떼캔디,"1,500"
CU,과자류,SC)제주말차담은과즐,"1,000"
CU,과자류,연세)교보문고생크림빵,"3,600"
CU,과자류,유라가)앙금절편,"3,100"
CU,과자류,유라가)깨소송편,"3,100"
CU,과자류,​켈로그)첵스쿠앤크컵,"2,300"
CU,과자류,삼립)카이막치즈점보롤,"5,000"
CU,과자류,삼립)카이막바스크치즈,"7,900"
CU,과자류,삼립)잭슨버터꿀호떡,"2,000"
CU,과자류,삼립)잭슨바질피자호떡,"2,000"
CU,과자류,SA)프린세스티니핑솜사탕,"1,800"
CU,과자류,큐피트)몰랑쏙젤리망고,"1,800"
CU,과자류,나무)리락쿠마컵쿠키,"1,000"
CU,과자류,일신)리콜라애플민트,"3,000"
CU,과자류,PBICK)허니현미오란다,"1,600"
CU,과자류,삼경)하리보해리포터론,"2,200"
CU,과자류,삼경)하리보해리포터헤르,"2,200"
CU,과자류,삼경)하리보해리포터해리,"2,200"
CU,과자류,켈로그)더커진크런치넛40G,"2,000"
CU,과자류,켈로그)더커진레드베리35G,"2,000"
CU,과자류,스마일)어떤게좋아초코,"2,500"
CU,과자류,스위트)포켓몬아크릴비타C,"3,000"
CU,과자류,405)일본식카스테라,"7,000"
CU,과자류,대두)애플시나몬찰떡,"2,000"
CU,과자류,405)코코아샌드쿠키,"1,300"
CU,과자류,405)모카샌드쿠키,"1,300"
CU,과자류,405)땅콩샌드쿠키,"1,300"
CU,과자류,삼립)카이막꿀카스테라,"2,500"
CU,과자류,삼립)커스타드보름달,"1,800"
CU,과자류,삼립)바나나코코넛파운드,"4,500"
CU,과자류,삼립)제주감귤붓세,"15,000"
CU,과자류,삼립)우도땅콩파이,"15,000"
CU,과자류,KH)뉴욕베이글플레인,"3,300"
CU,과자류,대경)북경수탕,"1,500"
CU,과자류,코코)보들키링젤리빈,"2,500"
CU,과자류,오뚜기)뿌셔뿌셔양념치킨,"1,300"
CU,과자류,마즈)스니커즈스트로베리,"1,800"
CU,과자류,PBICK)감자칩득템어니40g,"1,000"
CU,과자류,PBICK)감자칩득템오리40g,"1,000"
CU,과자류,라라스윗)고구마소금빵,"3,900"
CU,과자류,405)오트카스테라,"1,800"
CU,과자류,당과점)말차벽돌케이크,"4,800"
CU,과자류,스위트)주토피아구슬젤리,"5,800"
CU,과자류,PBICK)990초코바,990
CU,과자류,PBICK)990오리지널바,990
CU,과자류,롯데)티니핑슈크림빵,"1,900"
CU,과자류,롯데)티니핑패스츄리애플,"1,900"
CU,과자류,롯데)티니핑도라야끼통팥,"1,900"
CU,과자류,롯데)티니핑크림케익딸기,"1,900"
CU,과자류,롯데)씨리얼전남친토스트,"1,500"
CU,과자류,연세)말차초코맘모스,"3,800"
CU,과자류,연세)말차크림롤케익,"3,800"
CU,과자류,당과점)초코티라미수찰떡,"3,600"
CU,과자류,삼립)땅콩카라멜붓세,"1,300"
CU,과자류,삼립)우유앙팡,"1,300"
CU,과자류,HNF)가나디바나링72g,"2,000"
CU,과자류,HNF)가나디초코별72g,"2,000"
CU,과자류,나무)줄넘기젤리,"1,800"
CU,과자류,미스티)감땅쿠키68g,"2,000"
CU,과자류,인테)곤약젤리복숭아자두,"2,000"
CU,과자류,인테)곤약젤리유자레몬,"2,000"
CU,과자류,훼밀리)몰랑문어마시멜로,"2,300"
CU,과자류,SC)제주감귤담은과즐,"1,000"
CU,과자류,연세)말차크림카스테라,"3,600"
CU,과자류,연세)말차초코생크림빵,"3,600"
CU,과자류,삼립)플레인슈가와플,"1,300"
CU,과자류,삼립)황치즈버터파이,"1,300"
CU,과자류,삼립)통팥도라야끼,"1,300"
CU,과자류,나무)리락쿠마텀블러캔디,600
CU,과자류,PBICK)베이비콘스낵,"1,700"
CU,과자류,PBICK)저당초코사브레,"2,300"
CU,과자류,엠즈)땅버사과미니롤,"3,900"
CU,과자류,미성)보누치와플딸기,"1,000"
CU,과자류,미성)보누치와플초코,"1,000"
CU,과자류,롯데)자일리톨워터링판껌,"1,300"
CU,과자류,롯데)자일리톨워터링용기,"7,000"
CU,과자류,삼립)포켓몬금빛초코슈,"2,500"
CU,과자류,삼립)미각초코크림소라빵,"2,200"
CU,과자류,삼립)옥수수카스테라,"1,800"
CU,과자류,SA)하츄핑의반지캔디,"1,000"
CU,과자류,피크민)호루라기캔디,"2,500"
CU,과자류,405)미니치즈롤4입,"2,800"
CU,과자류,오리온)꼬북칩양념치킨68g,"1,700"
CU,과자류,오리온)꼬북칩후라이드76g,"1,700"
CU,과자류,선우)냠냠찍먹젤리멜론,"2,500"
CU,과자류,노티드)말차라떼도넛,"3,500"
CU,과자류,롯데)색고드름젤리,"1,500"
CU,과자류,연세)찰떡콩떡맘모스,"3,800"
CU,과자류,삼립)통단팥도라야끼6입,"8,900"
CU,과자류,삼립)땅콩카라멜샌드6입,"8,900"
CU,과자류,삼립)순우유고구마팡,"1,600"
CU,과자류,해태)연양갱팥빙수맛,900
CU,과자류,동서)오레오딸기크림,"2,300"
CU,과자류,PBICK)씬마늘바게트,"1,600"
CU,과자류,PBICK)초코말차쿠키,"2,300"
CU,과자류,엠즈)한손에초코말차,"3,700"
CU,과자류,TXT)DIY별모아쿠키별,"3,500"
CU,과자류,405)불닭다리모양빵,"3,000"
CU,과자류,TXT)별모아젤리별,"2,000"
CU,과자류,오리온)에너지바저당50g,"1,600"
CU,과자류,삼립)미각모카번,"2,200"
CU,과자류,삼립)프로H밀크카스테라,"2,000"
CU,과자류,삼립)프로H바닐라카스테라,"2,500"
CU,과자류,삼립)순우유연유요팡,"1,600"
CU,과자류,삼립)순우유밀크요팡,"1,600"
CU,과자류,홍만당)참기름인절미,"3,800"
CU,과자류,PBICK)딸기잼스콘맛쿠키,"2,300"
CU,과자류,피크민)꽃모양스낵밀크맛,"2,000"
CU,과자류,PBICK)찍먹양념치킨스낵,"2,000"
CU,과자류,오리온)포카칩매콤치즈맛,"1,700"
CU,과자류,오리온)포카칩버터감자맛,"1,700"
CU,과자류,크라운)못말리는신짱245g,"3,000"
CU,과자류,농심)와사비새우깡70g,"1,500"
CU,과자류,라라스윗)인절미소금빵,"3,900"
CU,과자류,노티드)썸머마카롱,"3,800"
CU,과자류,히어로즈)에너지젤리,"1,700"
CU,과자류,마즈)이클립스스트로베리,"3,300"
CU,과자류,노티드)복숭아요거트도넛,"3,500"
CU,과자류,삼립)발효카스타드크림빵,"1,800"
CU,과자류,삼립)프로H곡물단팥빵,"2,200"
CU,과자류,삼립)프로H곡물크림빵,"2,000"
CU,과자류,삼립)프로H메밀꿀호떡,"2,000"
CU,과자류,삼립)프로H바스크치즈케익,"2,500"
CU,과자류,TXT)별모아초코별76g,"2,000"
CU,과자류,선우)보석별젤리,"2,500"
CU,과자류,피크민)요거트마카롱,"3,700"
CU,과자류,피크민)커스터드도넛,"2,800"
CU,과자류,삼립)포켓몬쿠앤크팡팡,"2,000"
CU,과자류,삼립)포켓몬커스터드롤,"2,000"
CU,과자류,삼립)미니약과초당옥수수,"1,200"
CU,과자류,코코)펑리수비스킷60g,"1,500"
CU,과자류,TXT)별모아미니별5입,"2,800"
CU,과자류,코코)크리스탈젬캔디25g,"1,800"
CU,과자류,405)할라피뇨푸가스,"2,900"
CU,과자류,PBICK)찍먹깐쇼새우칩,"2,000"
CU,과자류,피치)바나나모양스프레이,"1,500"
CU,과자류,405)올리브푸가스,"2,900"
CU,과자류,몽뜨)푸르츠사워패치젤리,"2,000"
CU,과자류,405)호두가득바게트,"2,300"
CU,과자류,동아)듀오버스터30캡슐,"8,900"
CU,과자류,연세)야쿠르트크림롤케익,"3,800"
CU,과자류,삼립)정통크림샌드,"1,800"
CU,과자류,삼립)할라피뇨꽈베이글,"2,200"
CU,과자류,나무)심쿵리치젤리,"2,000"
CU,과자류,나무)심쿵샤인머스켓젤리,"2,000"
CU,과자류,이삭)피자앤치즈베이글칩,"1,800"
CU,과자류,농심)크레오파트라와사비,"1,700"
CU,과자류,프링글스)닭강정100g,"4,000"
CU,과자류,프링글스)캐리비안치킨110,"4,000"
CU,과자류,널담)화이트초코마카쿠키,"1,800"
CU,과자류,널담)다크초코호두쿠키,"1,800"
CU,과자류,아인츠)초코크로플,"2,600"
CU,과자류,연세)야쿠르트생크림빵,"3,000"
CU,과자류,청우)그랑쉘파인애플195g,"5,600"
CU,과자류,크라운)산도밀크팝161g,"2,800"
CU,과자류,삼립)허쉬바나나미니샌드,"2,400"
CU,과자류,투데이)드럼스틱체리사과,"3,000"
CU,과자류,투데이)드럼스틱버블검,"3,000"
CU,과자류,투데이)드럼스틱오리지널,"3,000"
CU,과자류,푸드)초코수플레푸딩,"3,600"
CU,과자류,푸드)치즈수플레푸딩,"3,600"
CU,과자류,스위트)위키드듀엣캔,"2,000"
CU,과자류,PBICK)타코야끼볼,"1,700"
CU,과자류,PBICK)더블왕새우칩,"1,700"
CU,과자류,해태)트러플파스타칩55g,"2,000"
CU,과자류,나무)워헤즈사우어밤,"1,800"
CU,과자류,나무)워헤즈젤리빈,"1,500"
CU,과자류,미스티)산리오선풍기젤리,"6,000"
CU,과자류,당과점)쿠키앤쿠키블론디,"2,400"
CU,과자류,연세)황치즈맘모스,"3,700"
CU,과자류,오리온)찍먹예감치폴마요,"2,000"
CU,과자류,오리온)찍먹예감청양마요,"2,000"
CU,과자류,삼립)제주쑥대박찹쌀떡,"2,000"
CU,과자류,삼립)얼그레이카스테라,"4,500"
CU,과자류,삼립)미각우유카스테라롤,"2,500"
CU,과자류,삼립)블루베리꽈베이글,"2,200"
CU,과자류,라라스윗)저당카라멜팝콘,"1,900"
CU,과자류,농협)달콤바삭고구마칩,"3,000"
CU,과자류,PBICK)작은별흑임자라떼맛,"1,800"
CU,과자류,오뚜기)카레크리스피롤,"1,800"
CU,과자류,스위트)알포트멜론초콜릿,"4,000"
CU,과자류,405)초코크림소보로빵,"2,300"
CU,과자류,스위트)베이스볼젤리,"2,000"
CU,과자류,당과점)베리벽돌케이크,"4,800"
CU,과자류,미스티)산리오피규어껌3,"5,500"
CU,과자류,훼밀리)무케루구미청포도,"1,800"
CU,과자류,푸드빌)땅콩크림브레드,"1,600"
CU,과자류,롯데)바닐라푸딩,"4,500"
CU,과자류,삼립)제주우유대박찹쌀떡,"2,000"
CU,과자류,삼립)미각초코카스테라롤,"2,500"
CU,과자류,삼립)미각카이막치즈케익,"2,200"
CU,과자류,SC)트러플하몽크래커84g,"2,500"
CU,과자류,쿠위)탑젤리망고,"2,000"
CU,과자류,PBICK)아포카토맛쿠키,"2,300"
CU,과자류,405)딸기잼크림소보로빵,"2,300"
CU,과자류,나무)곽철이얼굴모양젤리,"1,800"
CU,과자류,한울)마카다미아초코쿠키,"2,900"
CU,과자류,서주)마음쏘옥무설탕젤리,"2,000"
CU,과자류,베어스)망곰허니갈릭볼,"2,300"
CU,과자류,몽뜨)와삭엿,"1,000"
CU,과자류,삼립)흑임자이야기,"2,200"
CU,과자류,삼립)정통단팥빵,"1,600"
CU,과자류,KH)뉴욕베이글블루베리,"3,300"
CU,과자류,농심)누룽지팝142g,"3,600"
CU,과자류,CJ)쁘띠첼요거화이트코코,"2,000"
CU,과자류,CJ)쁘띠첼요거딸기,"2,000"
CU,과자류,코코)스위트바나나젤리,"1,000"
CU,과자류,푸드)한입쌀과자카라멜맛,"2,900"
CU,과자류,일신)푸쉬팝플립앤딥사워,"4,000"
CU,과자류,스위트)페투치니프루티맛,"3,000"
CU,과자류,매크로)라무네포도당캔디,"1,500"
CU,과자류,스위트)훈와리치즈모찌35g,"2,700"
CU,과자류,스위트)훈와리인절미35g,"2,700"
CU,과자류,SCD)이치쌀과자미니허니맛,"3,500"
CU,과자류,SCD)이치쌀과자소유허니맛,"3,500"
CU,과자류,프링글스)오리지날70g,"2,600"
CU,과자류,라라스윗)옥수수소금빵,"3,900"
CU,과자류,엠즈)한손에초코바나나,"3,900"
CU,과자류,베어스)스윙배트쿠키,"3,000"
CU,과자류,스마일)바운스해골동결,"2,500"
CU,과자류,스마일)젤리바운스큐브,"2,000"
CU,과자류,PBICK)그래놀라득템,"6,500"
CU,과자류,MDS)쫀득쫀똑고구마,"1,500"
CU,과자류,MDS)쫀득쫀똑단호박,"1,500"
CU,과자류,해태)홈런볼메론우유49g,"2,000"
CU,과자류,베어스)망곰치즈나쵸,"3,000"
CU,과자류,베어스)망곰카라멜팝콘,"3,000"
CU,과자류,롯데)아몬드볼말차,"2,600"
CU,과자류,비이)브레드노래캔디,"4,500"
CU,과자류,베어스)망곰커스터드푸딩,"2,800"
CU,과자류,동화)배러그래놀라프로틴,"3,900"
CU,과자류,연세)냉동생크림빵초코,"3,000"
CU,과자류,연세)냉동생크림빵우유,"2,800"
CU,과자류,SA)오로라핑비밀캔디포도,"2,800"
CU,과자류,푸드빌)저당호두단팥빵,"1,600"
CU,과자류,대경)멜로누가쿠키,"1,000"
CU,과자류,하늘)크리스프무화과호두,"2,800"
CU,과자류,푸드빌)단팥크림브레드,"1,600"
CU,과자류,당과점)바닐라푸딩,"1,900"
CU,과자류,동서)리츠크래커바삭김,"2,000"
CU,과자류,코코)밀크킥미니15g,500
CU,과자류,대진)바다속젤리130g,"2,000"
CU,과자류,나투)아모스미스테리큐브,"2,000"
CU,과자류,나투)아모스망고구미,"1,800"
CU,과자류,마즈)이클립스인텐스민트,"3,300"
CU,과자류,PBICK)초코츄러스쿠키,"2,300"
CU,과자류,베어스)망곰이우유슈,"3,300"
CU,과자류,롯데)베지5발사믹허브50g,"2,000"
CU,과자류,농심)포스틱133g,"3,200"
CU,과자류,농심)꿀꽈배기141g,"3,200"
CU,과자류,앰지)밀카알파인밀크90g,"4,800"
CU,과자류,선우)젤리크러시구미,"2,500"
CU,과자류,미성)미니초코룹스쿠키,"1,800"
CU,과자류,베어스)망곰이초코슈,"3,300"
CU,과자류,비이)찍먹감자스틱케찹,"1,200"
CU,과자류,비이)브레드호루라기캔디,"2,000"
CU,과자류,푸드빌)연유크림브레드,"1,600"
CU,과자류,뚜또)코코포도,"2,500"
CU,과자류,뚜또)코코레몬,"2,500"
CU,과자류,스마일)동결건조드럼스틱,"2,500"
CU,과자류,연세)베어스망곰생크림빵,"3,600"
CU,과자류,PBICK)멜론동글쿠키,"1,800"
CU,과자류,청우)자색군고구마스틱80g,"2,400"
CU,과자류,마즈)트윅스미니초콜릿,400
CU,과자류,풀무원)나또칩양파40g,"3,000"
CU,과자류,풀무원)두부칩감자35g,"3,000"
CU,과자류,풀무원)두부칩멀티그레50g,"3,000"
CU,과자류,농심)크레오파트라솔트김,"1,700"
CU,과자류,미찌)갈릭치즈베이글칩,"2,700"
CU,과자류,미찌)허니앤버터베이글칩,"2,700"
CU,과자류,수키도키)초코아몬드쿠키,"1,900"
CU,과자류,수키도키)카라멜초코쿠키,"1,900"
CU,과자류,엠즈)말랑복숭아요거트롤,"3,900"
CU,과자류,나무)토마토캔디,"1,200"
CU,과자류,수키도키)마카롱3입,"3,700"
CU,과자류,스위트)스티치이빨젤리,"2,000"
CU,과자류,대두)한입복숭아찰떡,"2,000"
CU,과자류,연세)크림맘모스,"3,600"
CU,과자류,크라운)쌔콤달콤레몬,700
CU,과자류,스위트)트롤리핑구미,"2,500"
CU,과자류,일신)오리히로제로사과,"3,500"
CU,과자류,일신)오리히로제로거봉,"3,500"
CU,과자류,청우)참깨스틱85g,"2,000"
CU,과자류,베베쿡)빼빼롱뻥고구마,"4,200"
CU,과자류,베베쿡)빼빼롱뻥사과,"4,200"
CU,과자류,크라운)디샤마스코바도,"2,000"
CU,아이스크림,동그린)말차크림파르페,"3,500"
CU,아이스크림,피치)프로즌팝소르베믹스,"5,900"
CU,아이스크림,잠바)저당망고스무디바,"2,500"
CU,아이스크림,잠바)저당애플스무디바,"2,500"
CU,아이스크림,에이스)까바바,"1,500"
CU,아이스크림,피치)까먹는바나나바,"1,500"
CU,아이스크림,제스)아임낫어후르츠,"4,900"
CU,아이스크림,서주)허쉬초코스쿱콘,"3,000"
CU,아이스크림,빙그레)요맘때콘블루베리,"2,500"
CU,아이스크림,동그린)말차초코바이트5입,"3,900"
CU,아이스크림,롯데)바삭크런키바,"2,200"
CU,아이스크림,하겐)쿠키앤그린티바,"6,900"
CU,아이스크림,하겐)쿠키앤그린티미니컵,"6,900"
CU,아이스크림,하겐)쿠키앤초콜릿파인트,"17,900"
CU,아이스크림,하겐)쿠키앤그린티파인트,"17,900"
CU,아이스크림,라라스윗)저당요거파인트,"11,900"
CU,아이스크림,롯데)바삭크런키모나카,"2,500"
CU,아이스크림,피치)젤리멜롱바청사과,"1,500"
CU,아이스크림,해태)크런치킹시모나,"2,500"
CU,아이스크림,서울우유)저지밀크콘,"2,500"
CU,아이스크림,라라스윗)블루베리요거바,"2,500"
CU,아이스크림,동그린)팥절미파르페,"3,500"
CU,아이스크림,롯데)빵빠레꿀고구마,"2,500"
CU,아이스크림,롯데)찰떡아이스꿀고구마,"2,500"
CU,아이스크림,하겐)바닐라그린티케이크,"39,000"
CU,아이스크림,하겐)딸기초콜릿케이크,"39,000"
CU,아이스크림,피치)프로즌딸기소르베,"4,900"
CU,아이스크림,피치)프로즌레몬소르베,"4,900"
CU,아이스크림,피치)프로즌망고소르베,"4,900"
CU,아이스크림,피치)프로즌피치소르베,"4,900"
CU,아이스크림,제스)아임낫어불닭치킨,"3,000"
CU,아이스크림,로로)아이스브륄레캬라멜,"4,500"
CU,아이스크림,라라스윗)말차파인트,"11,900"
CU,아이스크림,이삭)키위소스캔샤베트,"3,000"
CU,아이스크림,로로)아이스브륄레말차,"4,500"
CU,아이스크림,로로)아이스브륄레바닐라,"4,500"
CU,아이스크림,해태)바밤바이트미니,"12,000"
CU,아이스크림,롯데)설레임쿨리쉬,"2,500"
CU,아이스크림,서주)크림브륄레뚱카롱,"4,500"
CU,아이스크림,라라스윗)넛티초코초콜릿,"2,500"
CU,아이스크림,라라스윗)넛티초코바닐라,"2,500"
CU,아이스크림,동학)구슬요거트파르페,"3,800"
CU,아이스크림,동그린)마카다미아브리틀,"3,000"
CU,아이스크림,롯데)순수우유30%빙수바,"2,000"
CU,아이스크림,롯데)월드콘말차,"2,500"
CU,아이스크림,서주)밀크티블랙펄빙수,"3,000"
CU,아이스크림,서주)망고화이트펄빙수,"3,000"
CU,아이스크림,서주)땅버사과요거트바,"2,500"
CU,아이스크림,노티드)아이스초코도넛,"3,900"
CU,아이스크림,노티드)아이스우유도넛,"3,900"
CU,아이스크림,베어스)망곰얼굴샤베트바,"3,000"
CU,아이스크림,마이노멀)저당청사과바,"2,500"
CU,아이스크림,마이노멀)저당딸기바,"2,500"
CU,아이스크림,서주)녹차에통팥떡있수바,"2,500"
CU,아이스크림,하겐)샌드위치말차베리,"6,900"
CU,아이스크림,롯데)저당설레임밀크,"3,000"
CU,아이스크림,서주)1500저당바더블초코,"1,500"
CU,아이스크림,서주)1500저당바바닐라,"1,500"
CU,아이스크림,빙그레)왕실샌드바애플,"3,300"
CU,아이스크림,빙그레)왕실샌드바끼리,"3,300"
CU,아이스크림,베어스)홈런배트아이스,"1,800"
CU,아이스크림,빙그레)엔초바커피,"2,200"
CU,아이스크림,제스)아임낫어치킨,"2,800"
CU,아이스크림,롯데)저당돼지바,"2,000"
CU,아이스크림,삼우)800저당바오렌지,800
CU,아이스크림,삼우)800저당바청포도,800
CU,아이스크림,제로윗)아이스팝배,"1,900"
CU,아이스크림,제로윗)아이스팝딸기,"1,900"
CU,아이스크림,로우윗)저당파인애플바,"2,200"
CU,아이스크림,로우윗)저당복숭아바,"2,200"
CU,아이스크림,해태)폴라포허니레몬,"2,200"
CU,아이스크림,라라스윗)복숭아요거트바,"2,500"
CU,아이스크림,라라스윗)제로포도바,"2,500"
CU,아이스크림,라라스윗)제로오렌지바,"2,500"
CU,아이스크림,빙그레)비비빅팥시루떡,"2,200"
CU,아이스크림,롯데)순수우유30%소프트콘,"3,000"
CU,아이스크림,빙그레)따옴귤파인애플,"3,300"
CU,아이스크림,빙그레)따옴딸기바나나,"3,300"
CU,아이스크림,빙그레)요맘때블루베리바,"1,500"
CU,아이스크림,빙그레)요맘때콘레인보우,"2,500"
CU,아이스크림,빙그레)트리플베리빙수,"3,900"
CU,아이스크림,서주)초코츄로,"2,500"
CU,아이스크림,동학)빅구슬저당레몬라임,"2,000"
CU,아이스크림,랩노쉬)고단백딸기콘,"3,300"
CU,아이스크림,랩노쉬)고단백초코콘,"3,300"
CU,아이스크림,하겐)티라미수바,"6,900"
CU,아이스크림,하겐)츄러스미니컵,"6,900"
CU,아이스크림,하겐)티라미수미니컵,"6,900"
CU,아이스크림,하겐)츄러스파인트,"17,900"
CU,아이스크림,하겐)티라미수파인트,"17,900"
CU,아이스크림,제로윗)녹차바닐라파르페,"3,300"
CU,아이스크림,제로윗)디카페인파르페,"3,300"
CU,아이스크림,빙그레)저당딥쫀득카라멜,"2,200"
CU,아이스크림,빙그레)저당딥앤쫀득초코,"2,200"
CU,아이스크림,동학)빅구슬포도샤인,"2,000"
CU,아이스크림,빙그레)팝콘붕어싸만코,"2,500"
CU,아이스크림,빙그레)저당딥앤로우메론,"3,300"
CU,아이스크림,빙그레)저당딥앤로바닐라,"3,300"
CU,아이스크림,서주)허쉬초코콘,"3,000"
CU,아이스크림,제스)벚꽃캔샤베트,"3,000"
CU,아이스크림,빙그레)저당딥앤로우커피,"3,300"
CU,아이스크림,빙그레)캔디바메론소다,"1,500"
CU,아이스크림,라라스윗)저당딸기초코바,"3,300"
CU,아이스크림,롯데)제로말차크림모나카,"3,000"
CU,아이스크림,서주)허쉬녹차초코바,"3,000"
CU,아이스크림,빙그레)저당딥앤로우초코,"3,300"
CU,아이스크림,서주)허쉬딸기초코바,"3,000"
CU,아이스크림,롯데)저당티코초코15입,"12,000"
CU,아이스크림,제스)라임캔샤베트,"3,000"
CU,아이스크림,라라스윗)저당바닐라콘,"3,300"
CU,아이스크림,서주)밤티라미수바,"2,500"
CU,아이스크림,서주)설향품은딸기멜로바,"1,500"
CU,아이스크림,라라스윗)딸기요거트바,"2,500"
CU,아이스크림,서주)허쉬생초코바,"3,000"
CU,아이스크림,빙그레)빵또아티라미수,"2,500"
CU,아이스크림,롯데)빵빠레딸기바,"1,500"
CU,아이스크림,하겐)피스타치오파인트,"17,900"
CU,아이스크림,하겐)커피파인트,"17,900"
CU,아이스크림,이웃집)황치즈샌드아이스,"4,000"
CU,아이스크림,HEYROO파르페더블초코,"2,700"
CU,아이스크림,라라스윗)밤티라미수컵,"3,900"
CU,아이스크림,유니)벤앤피스타치오파인,"16,900"
CU,아이스크림,제스)레몬캔샤베트,"3,000"
CU,아이스크림,제로윗)당제로바닐라바,"3,300"
CU,아이스크림,제로윗)당제로초콜릿바,"3,300"
CU,아이스크림,리락쿠마)스틱바카라멜,"2,800"
CU,아이스크림,라라스윗)저당우유모나카,"3,300"
CU,아이스크림,라라스윗)저당초코모나카,"3,300"
CU,아이스크림,빙그레)요맘때딸기홈,"9,800"
CU,아이스크림,빙그레)카페오레바,"1,500"
CU,아이스크림,삼우)1000콘밀크바닐라,"1,000"
CU,아이스크림,라라스윗)저당단팥바,"2,500"
CU,아이스크림,나뚜루)초콜릿아몬드바,"5,900"
CU,아이스크림,빙그레)호두붕어싸만코,"2,500"
CU,아이스크림,유니)벤앤카라멜코어파인,"16,900"
CU,아이스크림,라라스윗)쿠앤크초코바,"3,300"
CU,아이스크림,빙그레)요맘때딸기바,"1,500"
CU,아이스크림,제스)강릉순두부제로바,"2,500"
CU,아이스크림,동그린)미니언즈아이스바,"1,500"
CU,아이스크림,빙그레)왕실샌드초코,"4,000"
CU,아이스크림,HEYROO연유초코빙수,"2,800"
CU,아이스크림,버터앤쉘터)샌드아이스,"2,500"
CU,아이스크림,서주)800튜브초코,800
CU,아이스크림,서주)400바멜론,400
CU,아이스크림,삼우)1000콘딸기우유,"1,000"
CU,아이스크림,라라스윗)저당멜론바,"2,500"
CU,아이스크림,빙그레)빵또아황치즈,"2,500"
CU,아이스크림,빙그레)요맘때허니콘,"2,500"
CU,아이스크림,라라스윗)말차초코바,"3,300"
CU,아이스크림,빙그레)그라시아초코홈,"9,800"
CU,아이스크림,빙그레)따옴바수박,"2,000"
CU,아이스크림,해태)아이스가이피치,"3,000"
CU,아이스크림,삼우)케이크아이스초코,"3,900"
CU,아이스크림,삼우)케이크아이스카라멜,"3,900"
CU,아이스크림,하겐)샌드위치카라멜,"6,900"
CU,아이스크림,서주)허쉬토피넛앤초코바,"3,000"
CU,아이스크림,서주)허쉬초코바,"3,000"
CU,아이스크림,빙그레)끌레도르츄러스바,"2,500"
CU,아이스크림,삼우)코젤흑당시나몬콘,"2,500"
CU,아이스크림,유니)벤앤피넛버터파인트,"16,900"
CU,아이스크림,제스)강릉초당순두부제로,"14,900"
CU,아이스크림,빙그레)더단백카라멜바,"3,000"
CU,아이스크림,빙그레)더단백초코바,"3,000"
CU,아이스크림,매일)상하초콜릿파인트,"14,900"
CU,아이스크림,빙그레)요맘때콘플레인,"2,500"
CU,아이스크림,라라스윗)생우유파인트,"11,900"
CU,아이스크림,나뚜루)마카다미아파인트,"15,900"
CU,아이스크림,라벨리)생초코바,"2,500"
CU,아이스크림,라라스윗)바닐라초코바,"3,300"
CU,아이스크림,라라스윗)초콜릿초코바,"3,300"
CU,아이스크림,서주)미니니녹차우유샌드,"2,500"
CU,아이스크림,서주)딸기치즈케이크도넛,"2,000"
CU,아이스크림,서주)1000샌드밀크,"1,000"
CU,아이스크림,빙그레)끌레끼리치즈멀티,"14,900"
CU,아이스크림,제스)덴마크초코초코콘,"2,500"
CU,아이스크림,삼우)1000모나카초코,"1,000"
CU,아이스크림,삼우)1000콘초코바닐라,"1,000"
CU,아이스크림,나뚜루)넛츠크림커피컵,"5,900"
CU,아이스크림,나뚜루)넛츠크림커피바,"5,900"
CU,아이스크림,빙그레)엔초바,"2,200"
CU,아이스크림,서주)비타500아이스튜브,"1,800"
CU,아이스크림,삼우)서울앵무새모나카,"2,500"
CU,아이스크림,라라스윗)생우유빵샌드,"3,300"
CU,아이스크림,삼우)1000콘초코,"1,000"
CU,아이스크림,서주)레어케이크,"2,500"
CU,아이스크림,밥스누)약콩크런치초코바,"2,500"
CU,아이스크림,동학)빅구슬밀크카라멜,"1,800"
CU,아이스크림,라벨리)이정도는약과지바,"1,800"
CU,아이스크림,삼우)밀탑팥엔밀크바,"1,500"
CU,아이스크림,서주)피치리치바,"1,500"
CU,아이스크림,나뚜루)바닐라파인트,"15,900"
CU,아이스크림,나뚜루)바닐라미니컵,"5,900"
CU,아이스크림,라벨리)이정도는약과지컵,"2,900"
CU,아이스크림,제스)오뚜기순후추콘,"2,500"
CU,아이스크림,유니)벤앤초코퍼지파인트,"16,900"
CU,아이스크림,매일)상하딸기파인트,"14,900"
CU,아이스크림,매일)상하밀크파인트,"14,900"
CU,아이스크림,서주)400바초코,400
CU,아이스크림,빙그레)뽕따소다맛,"1,800"
CU,아이스크림,카피티)바닐라빈1L,"13,900"
CU,아이스크림,롯데)색고드름,"3,000"
CU,아이스크림,라라스윗)초콜릿파인트,"11,900"
CU,아이스크림,해태)탱크보이,"1,800"
CU,아이스크림,해태)폴라포포도,"2,200"
CU,아이스크림,서주)버터바,"1,800"
CU,아이스크림,나뚜루)딸기초콜릿바,"5,900"
CU,아이스크림,제스)킷캣아이스바,"3,500"
CU,아이스크림,제스)오레오아이스바,"3,500"
CU,아이스크림,나뚜루)말랑이밀크케이크,"29,500"
CU,아이스크림,해태)호두마루바,"1,500"
CU,아이스크림,빙그레)캔디바,"1,500"
CU,아이스크림,하겐)쿠키앤크림미니컵,"6,900"
CU,아이스크림,유니)벤앤청키몽키파인,"16,900"
CU,아이스크림,유니)벤앤쿠키도우파인,"16,900"
CU,아이스크림,유니)벤앤쿠키도우미니컵,"5,700"
CU,아이스크림,롯데)일품팥빙수,"3,000"
CU,아이스크림,해태)바밤바골드,"1,500"
CU,아이스크림,해태)누가바,"1,500"
CU,아이스크림,롯데)찰떡하트딸기,"2,200"
CU,아이스크림,빙그레)투게더미니어처,"3,500"
CU,아이스크림,하겐)프랄린크림파인트,"17,900"
CU,아이스크림,빙그레)부드러운빵또아,"2,500"
CU,아이스크림,빙그레)떡붕어싸만코,"2,500"
CU,아이스크림,빙그레)엑설런트,"11,000"
CU,아이스크림,빙그레)투게더홈,"9,800"
CU,아이스크림,하겐)쿠키앤크림바,"6,900"
CU,아이스크림,하겐)마카다미아미니컵,"6,900"
CU,아이스크림,롯데)거꾸로수박바,"1,500"
CU,아이스크림,빙그레)그라시아쿠앤크홈,"9,800"
CU,아이스크림,빙그레)끌레도르쿠키크림,"2,500"
CU,아이스크림,하겐)쿠키앤크림파인트,"17,900"
CU,아이스크림,하겐)바닐라미니컵,"6,900"
CU,아이스크림,하겐)딸기미니컵,"6,900"
CU,아이스크림,하겐)초코미니컵,"6,900"
CU,아이스크림,하겐)그린티미니컵,"6,900"
CU,아이스크림,롯데)빵빠레바닐라,"2,500"
CU,아이스크림,하겐)초콜렛아몬드바,"6,900"
CU,아이스크림,하겐)스트로베리크림바,"6,900"
CU,아이스크림,하겐)바닐라카라멜바,"6,900"
CU,아이스크림,하겐)마카다미아브리틀바,"6,900"
CU,아이스크림,하겐)그린티아몬드바,"6,900"
CU,아이스크림,하겐)망고소르베파인트,"11,300"
CU,아이스크림,하겐)바닐라파인트,"17,900"
CU,아이스크림,하겐)마카다미아파인트,"17,900"
CU,아이스크림,하겐)그린티파인트,"17,900"
CU,아이스크림,하겐)초콜릿파인트,"17,900"
CU,아이스크림,하겐)딸기파인트,"17,900"
CU,아이스크림,롯데)월드콘,"2,500"
CU,아이스크림,롯데)스크류바,"1,500"
CU,아이스크림,빙그레)더위사냥액티브,"2,200"
CU,아이스크림,롯데)더블비얀코,"2,500"
CU,아이스크림,롯데)설레임밀크쉐이크,"2,500"
CU,아이스크림,빙그레)쿠앤크바,"1,500"
CU,아이스크림,동학)빅구슬복숭아키위,"2,000"
CU,아이스크림,롯데)구구크러스터홈,"7,700"
CU,아이스크림,롯데)빵빠레초코,"2,500"
CU,아이스크림,롯데)찰떡아이스,"2,200"
CU,아이스크림,롯데푸드)돼지바,"1,500"
CU,아이스크림,롯데)옥동자바,"1,500"
CU,아이스크림,롯데)와샤베트,"2,200"
CU,아이스크림,해태)쌍쌍바,"1,500"
CU,아이스크림,빙그레)비비빅,"1,500"
CU,아이스크림,롯데)수박바,"1,500"
CU,아이스크림,롯데)구구콘,"2,500"
CU,아이스크림,롯데)죠스바,"1,500"
CU,아이스크림,롯데)빠삐코,"1,800"
CU,아이스크림,빙그레)메로나,"1,500"
CU,아이스크림,해태)부라보콘바닐라,"2,500"
CU,아이스크림,롯데)본가찰옥수수,"2,200"
CU,아이스크림,나뚜루)초콜릿파인트,"15,900"
CU,아이스크림,나뚜루)딸기파인트,"15,900"
CU,아이스크림,나뚜루)녹차파인트,"15,900"
CU,아이스크림,나뚜루)초코미니컵,"5,900"
CU,아이스크림,나뚜루)바닐라아몬드바,"5,900"
CU,아이스크림,나뚜루)딸기미니컵,"5,900"
CU,아이스크림,나뚜루)녹차바,"5,900"
CU,아이스크림,나뚜루)녹차미니컵,"5,900"
CU,식품,PBICK)닭가슴살득템알리오,"2,500"
CU,식품,마노)땅콩버터스틱크리미,"1,500"
CU,식품,마노)땅콩버터스틱크런치,"1,500"
CU,식품,씨엔)떠먹는홍시2입(팩),"3,000"
CU,식품,아나)한입달달단감120g,"2,100"
CU,식품,이삭)미트피자베이크,"3,200"
CU,식품,H&B)엔비1입세척사과,"3,300"
CU,식품,휴게소)경주한우국밥,"6,300"
CU,식품,PBICK)특란득템10입,"3,600"
CU,식품,고래사)불오징어바65g,"2,900"
CU,식품,PBICK)스틱닭다리득템매콤,"2,200"
CU,식품,리뉴)한손한끼밤라떼40g,"3,900"
CU,식품,이삭)새우치즈고로케,"4,300"
CU,식품,행복)황제란훈제반숙2입,"2,800"
CU,식품,칠갑)쌀떡국떡1인분180g,"2,000"
CU,식품,CJ)맵찔이실비김치400g,"9,900"
CU,식품,오뚜기)순후추란2입,"2,500"
CU,식품,마린)캔디치즈플레인24g,"3,500"
CU,식품,하림)맥시칸양념치킨순살,"9,900"
CU,식품,코이)차슈돈코츠라멘,"5,500"
CU,식품,동원)쫄깃한과메기,"13,900"
CU,식품,SNJ)스윗콘100g,"2,000"
CU,식품,가농)단백이짭짤한맛,"1,500"
CU,식품,가농)단백이오리지널,"1,500"
CU,식품,칠갑)우동소스1인분330g,"1,500"
CU,식품,만인애)깐양파4입,"3,800"
CU,식품,만인애)깐마늘200g,"3,700"
CU,식품,CJ)햇반현미누룽지용기,"2,400"
CU,식품,CJ)햇반파로누룽지용기,"2,400"
CU,식품,머거본)꿀꽈배기믹스정과,"2,900"
CU,식품,롯데)롯데햄프랑크90g,"3,200"
CU,식품,풀무원)생칼국수320g,"2,900"
CU,식품,하인즈)치킨치즈파니니,"4,500"
CU,식품,오뚜기)진라면스틱순한맛,"3,600"
CU,식품,오뚜기)진라면스틱매운맛,"3,600"
CU,식품,치즈)멜론망고과일치즈,"6,900"
CU,식품,하림)더미식순살찜닭,"8,900"
CU,식품,하림)더미식순살닭갈비,"8,900"
CU,식품,고래사)국탕용어묵1인분,"4,500"
CU,식품,팜스)간편손질대파(반단),"4,300"
CU,식품,팜스)간편통무,"2,900"
CU,식품,에쓰)트러플스트링치즈5입,"8,500"
CU,식품,에쓰)트러플스트링치즈,"1,700"
CU,식품,해성)타이벡감귤1.5kgN,"9,900"
CU,식품,해성)달콤한대봉4입(팩)N,"4,400"
CU,식품,팔도)남자라면대컵,"1,800"
CU,식품,경진)꾸이맨바삭칩70g,"4,800"
CU,식품,쟌슨빌)치즈소시지롤빵,"3,900"
CU,식품,팔도반찬)멸치고추다짐,"2,500"
CU,식품,팔도반찬)고들빼기낙지,"2,500"
CU,식품,미정당)직화짜장면컵,"4,300"
CU,식품,매일)후레쉬모짜렐라100g,"6,400"
CU,식품,삼양)삼양1963,"1,900"
CU,식품,오뚜기)장칼제비2인,"9,900"
CU,식품,CJ)비비고말차붕어빵,"10,900"
CU,식품,풀무원)생만두새우청경채,"10,000"
CU,식품,풀무원)생만두고기배추,"10,000"
CU,식품,오뚜기)의정부부대찌개500,"8,500"
CU,식품,대상)볶음김치투어세트5입,"9,900"
CU,식품,미성)허쉬말차핫초코원컵,"2,200"
CU,식품,하림)양푼김치찌개컵102g,"1,700"
CU,식품,씨엔)아삭한단감3입,"4,900"
CU,식품,씨엔)맛있는연시2입,"2,600"
CU,식품,훼밀리)마롱글라세60g,"3,900"
CU,식품,아로마)청수당말차라떼8T,"8,000"
CU,식품,한양)훈제족발슬라이스,"8,500"
CU,식품,쟌슨빌)육즙소시지롤빵,"3,900"
CU,식품,쟈뎅)말차크림바닐라10T,"13,900"
CU,식품,쟈뎅)말차오리지널10T,"13,900"
CU,식품,끼리)양송이크림수프,"3,500"
CU,식품,끼리)단호박크림수프,"3,500"
CU,식품,현대)황토숯불오징어120g,"11,900"
CU,식품,한일)들깨멸치칼제비컵,"4,500"
CU,식품,한일)고추장칼제비컵,"4,500"
CU,식품,PBICK)크랩득템새우142g,"2,200"
CU,식품,농심)농심라면큰사발,"1,800"
CU,식품,치즈)제르미스모크치즈,"4,500"
CU,식품,농심)보노콘스프3입,"4,400"
CU,식품,설성목장)한우부대찌개면,"5,500"
CU,식품,설성목장)한우곰탕면,"5,500"
CU,식품,씨엔)사과랑배랑2입,"7,900"
CU,식품,PBICK)닭꼬치득템오븐구이,"2,500"
CU,식품,코이)돈코츠어묵탕컵,"4,900"
CU,식품,H&B)블랙사파이어180g,"3,900"
CU,식품,코이)오코노미야끼빵,"2,900"
CU,식품,PBICK)직화순살닭다리득템,"2,900"
CU,식품,머거본)츄러스믹스넛,"2,900"
CU,식품,머거본)카라멜땅콩믹스넛,"2,900"
CU,식품,엠탑)서울우유맛원컵,"1,800"
CU,식품,한일)중앙해장우동,"3,800"
CU,식품,오뚜기)얼큰짬뽕2인,"9,900"
CU,식품,오뚜기)유니짜장2인,"9,900"
CU,식품,농심)생생납작떡볶이면,"2,700"
CU,식품,동서)맥심화이트믹스180T,"38,800"
CU,식품,오뚜기)옛날잡채,"1,950"
CU,식품,PBICK)통목살꼬치득템매콤,"3,500"
CU,식품,매드포)갈릭비프부리또,"3,900"
CU,식품,PBICK)피자득템치즈앤크림,"1,900"
CU,식품,삼립)들깨계란칼국수2인,"8,000"
CU,식품,삼립)하이면장칼국수2인,"8,000"
CU,식품,오뚜기)정통직화유니짜장,"4,800"
CU,식품,CJ)가쓰오&얼큰우동4인,"11,900"
CU,식품,T1)불고기볶음면,"4,500"
CU,식품,PBICK)컵국시래기해장국,"1,500"
CU,식품,PBICK)컵국파송송계란국,"1,500"
CU,식품,PBICK)투닭투닭득템,"9,900"
CU,식품,휴게소)한돈동파육덮밥,"6,400"
CU,식품,매드포)갈릭크림함박덮밥,"5,900"
CU,식품,매드포)폭찹스테이크덮밥,"5,900"
CU,식품,자이언트)더블치즈떡볶이,"3,700"
CU,식품,정화)말랑굿찡어다리45g,"5,900"
CU,식품,정화)맥반석굿찡어45g,"5,900"
CU,식품,한일)정통샤브버섯칼국수,"3,900"
CU,식품,한일)정통육개장국수,"3,900"
CU,식품,한일)정통잔치국수,"3,900"
CU,식품,한일)나드리매운우동,"3,900"
CU,식품,오뚜기)분식집어묵라면컵,"2,000"
CU,식품,PBICK)찐만두득템청양6입,"1,900"
CU,식품,CJ)햇반흑미밥210g*3입,"7,900"
CU,식품,CJ)햇반잡곡밥210g*3입,"7,900"
CU,식품,CJ)햇반발아현미밥210g*3,"7,900"
CU,식품,동경)치즈데미함바그덮밥,"5,900"
CU,식품,PBICK)컵국고사리육개장,"1,500"
CU,식품,PBICK)컵국미소된장국,"1,500"
CU,식품,보배반점)중화빵짬뽕맛,"3,000"
CU,식품,맛폴리)라구치즈부리또,"3,900"
CU,식품,키다리)소고기쌀국수,"2,600"
CU,식품,매드포)갈릭비프고로케,"4,500"
CU,식품,CJ)습컵떡볶이,"3,900"
CU,식품,CJ)컵반습김치덮밥,"5,400"
CU,식품,휴게소)죽전한돈뼈해장국,"5,900"
CU,식품,오뚜기)임연수구이70g,"7,500"
CU,식품,짱구)트러플짜장우동,"4,900"
CU,식품,한울)바로먹는옥고감130g,"2,500"
CU,식품,씨엔)대추방토300g팩,"5,900"
CU,식품,풍림)야채치즈계란구이125,"2,500"
CU,식품,한양)숏다리mix매운맛35g,"4,200"
CU,식품,한양)숏다리mix35g,"4,200"
CU,식품,CJ)실비파김치500g,"17,900"
CU,식품,CJ)저당참깨드레싱245g,"5,500"
CU,식품,풀무원)꼬마유부초밥145g,"4,000"
CU,식품,오뚜기)마일드참치135g,"3,900"
CU,식품,오뚜기)더핫열라면컵,"1,800"
CU,식품,오뚜기)살코기참치135g,"3,900"
CU,식품,농심)신툼바만능소스285g,"6,000"
CU,식품,CJ)맥스봉꼬치바청양70g,"1,900"
CU,식품,CJ)맥스봉직화꼬치바70g,"1,900"
CU,식품,오뚜기)순후추찐만두180g,"4,900"
CU,식품,델몬트)조각파인애플400g,"6,200"
CU,식품,미트)마늘안창살구이350g,"16,900"
CU,식품,짱구)옥수수크림우동,"4,900"
CU,식품,PBICK)컵국차돌양지미역국,"1,500"
CU,식품,한촌)사골육개장&밥,"5,900"
CU,식품,PBICK)불닭먹태구이득템,"9,900"
CU,식품,CJ)삼호사각어묵200g*2,"4,700"
CU,식품,풀무원)곤약떡볶이떡300g,"4,500"
CU,식품,풀무원)비빔두부강된장,"3,900"
CU,식품,풀무원)비빔두부고추장,"3,900"
CU,식품,하동관)고기곰탕&밥,"6,300"
CU,식품,신세계)콩나물해장국450g,"7,900"
CU,식품,빵빵이)포장마차어묵국수,"5,500"
CU,식품,신세계)소고기미역국480g,"7,900"
CU,식품,피자알볼로)고르곤졸라,"4,200"
CU,식품,미트)우삼겹구이350g,"9,900"
CU,식품,머거본)쇠고기육포30g,"4,500"
CU,식품,머거본)블랙페퍼육포40g,"4,000"
CU,식품,만인애)감자1입,"1,300"
CU,식품,풀무원)스파게티면130g,"2,500"
CU,식품,풀무원)까르보나라소스145,"3,500"
CU,식품,풀무원)뽀모도로소스170g,"3,500"
CU,식품,오뚜기)더핫열라면,"1,500"
CU,식품,팔도한끼)우거지감자탕&밥,"5,900"
CU,식품,아딸)짜장통계란떡볶이컵,"4,300"
CU,식품,고래사)랍스터어묵100g,"3,900"
CU,식품,PBICK)매콤크림반반떡볶이,"4,200"
CU,식품,하인즈)햄치즈파니니,"4,500"
CU,식품,하인즈)맥앤치즈파니니,"4,500"
CU,식품,씨21)피티드그린올리브480,"11,500"
CU,식품,치즈)에쉬레가염버터100g,"9,500"
CU,식품,오뚜기)참깨찐만두180g,"4,900"
CU,식품,팜스)후무사자두3입,"3,500"
CU,식품,아나)스위트허니듀멜론,"2,400"
CU,식품,반찬단지)한끼낙지젓,"2,000"
CU,식품,반찬단지)한끼오징어젓,"2,000"
CU,식품,반찬단지)한끼씨앗젓,"2,000"
CU,식품,풀무원)요리육수전골1kg,"4,500"
CU,식품,푸르샨)불맛직화오돌뼈,"7,900"
CU,식품,리뉴)한손한끼딸기490g,"22,000"
CU,식품,리뉴)한손한끼곡물490g,"22,000"
CU,식품,칠갑)생만두피310g,"3,000"
CU,식품,풀무원)요리육수사골1kg,"4,500"
CU,식품,우동당)붓카케냉우동컵,"4,300"
CU,식품,삼양)탱글갈릭오일파스타,"2,500"
CU,식품,사조)육식맨커리부어스트,"2,800"
CU,식품,마이노멀)저당쫀득떡볶이,"3,500"
CU,식품,웰팜)냉동에다마메150g,"3,400"
CU,식품,바다원)남해작은멸치100g,"6,500"
CU,식품,펄세스)디카프스테비아20T,"10,900"
CU,식품,펄세스)마일드스테비아20T,"8,900"
CU,식품,델몬트)허니듀멜론400g,"6,500"
CU,식품,애플하우스)밀떡볶이컵,"3,800"
CU,식품,만인애)둥근호박1입,"1,900"
CU,식품,오뚜기)불오징어볶음면,"1,500"
CU,식품,오뚜기)버팔로봉200g,"7,900"
CU,식품,CJ)맥스봉풍미후랑크65g,"2,400"
CU,식품,풀무원)청포묵300g,"2,500"
CU,식품,해성)거봉500g(팩),"9,900"
CU,식품,씨엔)물복딱복2입,"5,100"
CU,식품,고래사)더블치즈베이컨바,"3,400"
CU,식품,PBICK)쿠스쿠스샐러드,"2,500"
CU,식품,3990)레몬오징어다리35g,"3,990"
CU,식품,목우촌)닭가슴살육포페퍼,"3,900"
CU,식품,롯데)의성마늘쫑프랑크,"2,600"
CU,식품,사조)불닭마요참치100g,"3,900"
CU,식품,사조)불닭참치100g,"3,900"
CU,식품,오)고단백컵누들매콤로제,"1,800"
CU,식품,오)고단백컵누들마라샹궈,"1,800"
CU,식품,어니)뽀로로간장떡볶이,"3,200"
CU,식품,어니)뽀로로카레떡볶이,"3,200"
CU,식품,매일)알라크림치즈150g,"5,900"
CU,식품,PBICK)닭백숙득템통닭다리,"3,500"
CU,식품,PBICK)닭백숙득템닭가슴살,"1,900"
CU,식품,산리오)장조림버터비빔밥,"5,500"
CU,식품,3990)매콤유자전갱이25g,"3,990"
CU,식품,피자알볼로)마르게리타,"4,200"
CU,식품,피자알볼로)비프불고기,"4,200"
CU,식품,악어떡볶이)쌀떡볶이컵,"3,800"
CU,식품,만인애)미니단호박1입,"1,900"
CU,식품,서울)휘핑크림200ml,"3,900"
CU,식품,풀무원)해초미역면150g,"4,800"
CU,식품,오뚜기)컵밥진짬뽕밥,"4,800"
CU,식품,오뚜기)불오징어볶음면컵,"1,900"
CU,식품,CJ)햇반210g*6입,"7,500"
CU,식품,샘표)질러클래식육포30g,"4,200"
CU,식품,우양)끼리로제리조또,"7,500"
CU,식품,우양)끼리투움바파스타,"7,500"
CU,식품,오뚜기)참치김치볶음밥230,"4,500"
CU,식품,동원)양반흑미밥130g*6입,"7,900"
CU,식품,동원)양반현미밥130g*6입,"7,900"
CU,식품,동원)양반찰진밥130g*6입,"7,200"
CU,식품,PBICK)미트볼꼬치득템갈비,"1,900"
CU,식품,PBICK)통목살꼬치득템갈비,"3,500"
CU,식품,폭스)mbti_T매콤견과,"3,200"
CU,식품,해성)샤인머스켓500g(팩),"11,700"
CU,식품,팔도한끼)닭다리삼계탕,"5,900"
CU,식품,만인애)포기로메인(봉),"1,900"
CU,식품,폭스)mbti_F달콤견과,"3,200"
CU,식품,MDS)까르보김치볶음밥,"3,900"
CU,식품,동서)가염버터팩10g*20입,"12,900"
CU,식품,하림)맛닭가슴살엽떡,"4,700"
CU,식품,CJ)비비고로제컵떡볶이,"3,900"
CU,식품,CJ)하루낫또2입,"3,900"
CU,식품,마이노멀)저당전주비빔밥,"6,000"
CU,식품,990)하루견과그린,990
CU,식품,팜스)샤인머스캣200g컵,"6,000"
CU,식품,산리오)경양식함바그덮밥,"5,900"
CU,식품,베어스)망곰이치즈피자,"4,300"
CU,식품,H&B)자몽2입(팩)(남아공),"4,900"
CU,식품,리뉴)한손한끼피스타490g,"22,000"
CU,식품,리뉴)한손한끼초코490g,"22,000"
CU,식품,PBICK)순대득템떡볶이맛,"2,900"
CU,식품,칠갑)냉면육수300g,"1,800"
CU,식품,CJ)비비고순살임연수구이,"7,400"
CU,식품,한일)나드리쫄면,"3,900"
CU,식품,한성)파슬리후랑크65g,"2,300"
CU,식품,한촌)스지도가니탕&밥,"6,300"
CU,식품,한촌)서울식설렁탕&밥,"5,900"
CU,식품,하림)더미식오징어교자,"6,000"
CU,식품,훼밀리)스리라차칠리소스,"9,000"
CU,식품,오늘의닭개장라면152g,"2,800"
CU,식품,오늘의닭곰탕라면154g,"2,800"
CU,식품,하림)찹쌀밥140g,"2,000"
CU,식품,더미식)오징어초빔면컵,"2,400"
CU,식품,씨엔)황도랑백도랑400g,"6,700"
CU,식품,훼밀리)국떡불구슬컵볶이,"3,500"
CU,식품,훼밀리)국떡구슬컵볶이,"3,500"
CU,식품,PBICK)원양산오징어득템,"7,500"
CU,식품,베어스)망곰산더미육포,"7,900"
CU,식품,리뉴)신한손한끼딸기40g,"3,900"
CU,식품,웰)한끼치즈흰자계란구이,"2,500"
CU,식품,베어스)망곰매콤먹태,"5,900"
CU,식품,베어스)망곰체다치즈먹태,"5,900"
CU,식품,베어스)망곰갈릭버터먹태,"5,900"
CU,식품,풀무원)동치미육수1kg,"5,500"
CU,식품,풀무원)찰도토리묵300g,"2,500"
CU,식품,베어스)망곰김치말이국수,"3,900"
CU,식품,오뚜기)WOW새우진짬뽕소컵,"1,900"
CU,식품,마이노멀)저당곤약비빔면,"4,900"
CU,식품,제니코)본가드마블잭스틱,"1,800"
CU,식품,제니코)본가드체다스틱,"1,800"
CU,식품,가가와)카이젠냉우동컵,"4,900"
CU,식품,산리오)시나모롤초계국수,"5,500"
CU,식품,해성)부드러운복숭아4입,"7,900"
CU,식품,돌)반송이바나나(필리핀),"3,400"
CU,식품,고래사)크랩말이90g,"3,500"
CU,식품,리뉴)신한손피스타치오40g,"3,900"
CU,식품,리뉴)신한손한끼초코40g,"3,900"
CU,식품,리뉴)신한손스위트콘40g,"3,900"
CU,식품,리뉴)신한손쁘띠말차40g,"3,900"
CU,식품,리뉴)신한손한끼곡물40g,"3,900"
CU,식품,리뉴)신한손한끼고구마40g,"3,900"
CU,식품,이가)얼큰짬뽕,"3,900"
CU,식품,참맛)차돌된장찌개밀키트,"9,900"
CU,식품,참맛)송탄부대찌개밀키트,"9,900"
CU,식품,사천왕)매콤탄탄면(소컵),"1,900"
CU,식품,사천왕)마라탕면(소컵),"1,900"
CU,식품,CJ)황태듬뿍해장국460g,"9,900"
CU,식품,3990)매콤맥반석오징어,"3,990"
CU,식품,대상)청정원스파게티면250,"2,500"
CU,식품,대상)저당홍초레몬라임500,"8,900"
CU,식품,대상)저당홍초레드애플500,"8,900"
CU,식품,오뚜기)레드칠리미트볼,"6,500"
CU,식품,오뚜기)WOW고기열라면소컵,"1,900"
CU,식품,오뚜기)육즙가득떡갈비,"6,500"
CU,식품,CJ)비비고순살삼치구이,"7,400"
CU,식품,제스프리)그린키위(컵),"3,100"
CU,식품,하림)맥시칸핫크리스피,"9,900"
CU,식품,하림)맥시칸크리스피순살,"9,900"
CU,식품,해성)고당도수박7kg,"31,000"
CU,식품,해성)상큼한자두450g,"5,700"
CU,식품,해성)천도복숭아400g,"4,500"
CU,식품,더미식)오징어초빔면139g,"1,700"
CU,식품,티젠)콤부차매실10T,"7,500"
CU,식품,이삭)햄치즈베이크,"3,200"
CU,식품,3990)갈릭올리브명태20g,"3,990"
CU,식품,팔도한끼)스팸치즈부대&면,"5,900"
CU,식품,담터)콤부차딸기10T,"8,000"
CU,식품,담터)콤부차포도10T,"8,000"
CU,식품,3990)맥반석오징어27g,"3,990"
CU,식품,풀무원)사골양지설렁탕,"9,900"
CU,식품,풀무원)나주식수육곰탕,"9,900"
CU,식품,삼양)까르보불닭납작당면,"3,800"
CU,식품,오뚜기)육수링멸치디포리,"7,900"
CU,식품,신세계)황태해장국450g,"7,900"
CU,식품,신세계)순두부찌개450g,"7,900"
CU,식품,하림)더미식닭다리삼계탕,"10,000"
CU,식품,푸디버디)간장비빔면컵86g,"2,400"
CU,식품,PBICK)오지치즈그라탕,"5,900"
CU,식품,이삭)피자부리또,"3,500"
CU,식품,성호)국내산건오징어40g,"9,900"
CU,식품,이삭)불고기치즈고로케,"4,200"
CU,식품,장충동)냉채편육,"8,500"
CU,식품,한일)정통냉우동,"3,900"
CU,식품,한일)정통동치미막국수,"3,900"
CU,식품,한일)정통메밀소바,"3,900"
CU,식품,오뚜기)순후추라볶이,"4,500"
CU,식품,아딸)뉴통계란떡볶이컵,"4,300"
CU,식품,라황샹 중경식 마라탕면,"2,200"
CU,식품,하이랜드)우삼겹돌돌말이,"15,900"
CU,식품,PBICK)통닭다리득템훈제,"3,500"
CU,식품,PBICK)통닭다리득템매콤,"3,500"
CU,식품,GAP)수박6kg,"33,000"
CU,식품,GAP)대추방울토마토500g,"5,600"
CU,식품,GAP)부사1kg,"12,500"
CU,식품,GAP)배2kg,"14,000"
CU,식품,GAP)배1입,"5,200"
CU,식품,GAP)송이토마토750g,"13,800"
CU,식품,GAP)흑토마토450g,"5,200"
CU,식품,GAP)완숙토마토3kg,"22,800"
CU,식품,GAP)완숙토마토1kg,"7,600"
CU,식품,GAP)참외1.5kg,"11,600"
CU,식품,하림)맥시칸양념치킨볶음,"2,400"
CU,식품,네슬레)스벅스무스10T,"5,900"
CU,식품,네슬레)스벅브라이트10T,"5,900"
CU,식품,목우촌)닭가슴살생생육포,"3,900"
CU,식품,유기농)청상추100g,"2,000"
CU,식품,유기농)적상추100g,"2,000"
CU,식품,무농약)부추150g,"2,000"
CU,식품,무농약)유러피안샐러드1입,"2,000"
CU,식품,무농약)애호박1입,"2,000"
CU,식품,무농약)오이1입,"2,000"
CU,식품,유기농)모둠쌈130g,"2,700"
CU,식품,유기농)추부깻잎20장,"2,000"
CU,식품,빙그레)통모짜체다스트링,"1,600"
CU,식품,오뚜기)분식집김라면컵,"2,000"
CU,식품,진라면약간매운맛,"1,000"
CU,식품,CJ)비비고김치왕교자315g,"7,800"
CU,식품,CJ)비비고고기왕교자315g,"7,800"
CU,식품,풀무원)특등급국산콩물,"8,000"
CU,식품,CJ)비비고순살고등어구이,"7,400"
CU,식품,CJ)비비고순살가자미구이,"7,400"
CU,식품,구르메)일드프랑까망베르,"13,000"
CU,식품,짱구)맹구의매운비빔라면,"1,800"
CU,식품,더본)치즈고추장바베큐,"8,900"
CU,식품,더본)불곱창순대볶음,"7,900"
CU,식품,하림)용가리까르보볶음면,"2,200"
CU,식품,동원)무말랭이오징어젓,"5,900"
CU,식품,동원)무말랭이낙지젓,"5,900"
CU,식품,코주부)소고기육포튀김50G,"7,900"
CU,식품,행복)동의반숙란4입,"3,800"
CU,식품,만인애)백오이2입,"1,700"
CU,식품,만인애)애호박1입,"1,300"
CU,식품,CJ)햇반컵반나주곰탕,"5,900"
CU,식품,동원)양반흑미밥130g,"2,000"
CU,식품,동원)양반찰진밥130g,"1,700"
CU,식품,사조)쟌슨빌클래식200g,"6,900"
CU,식품,샘표)질러라이트육포30G,"5,400"
CU,식품,해성)달콤성주참외2kg(특),"14,500"
CU,식품,해성)성주참외1kg(박스),"7,900"
CU,식품,짱구)흰둥이흰국물라면,"1,800"
CU,식품,팔도)비빔면제로슈거,"1,400"
CU,식품,팔도한끼)안동찜닭덮밥,"5,900"
CU,식품,HB)망고(마하차녹)2입,"8,500"
CU,식품,H&B)체리(미국)300g,"10,900"
CU,식품,H&B)체리(미국)150g,"5,900"
CU,식품,으뜸)생오이피클100g,800
CU,식품,으뜸)생양파피클100g,800
CU,식품,CJ)햇반컵반장터국밥,"5,900"
CU,식품,풀무원)블랙김스낵75g,"3,000"
CU,식품,풀무원)블랙김스낵와사비,"3,000"
CU,식품,풀무원)블랜김샌드현미20g,"3,200"
CU,식품,풀무원)블랜김샌드아몬드,"3,200"
CU,식품,진주햄)천하매콤후랑크70g,"2,400"
CU,식품,농심)누들핏마라탄탄,"1,800"
CU,식품,CJ)맛밤60G*4번들,"14,500"
CU,식품,금미옥)불떡볶이컵,"3,700"
CU,식품,동서)프레지덩무염버터200,"9,900"
CU,식품,동서)프레지덩가염버터200,"9,900"
CU,식품,아나)사과랑땅콩버터125g,"3,500"
CU,식품,애플하우스)순대쫄면볶음,"4,900"
CU,식품,푸르샨)불맛직화불막창,"9,900"
CU,식품,이가)얼음골동치미막국수,"3,900"
CU,식품,MDS)고구마&단호박샐러드,"4,200"
CU,식품,한양)스키니오징어40g,"5,900"
CU,식품,한양)숏바디버터불고기40g,"5,900"
CU,식품,CJ)실비김치800g,"15,900"
CU,식품,머거본)믹스파티프렌즈800,"9,900"
CU,식품,오뚜기)생쫄면2인,"8,000"
CU,식품,동서)프레지덩마이딥브리,"9,500"
CU,식품,동서)프레지덩마이딥에멘,"9,500"
CU,식품,웰팜)아망추망고컵150g,"3,400"
CU,식품,웰팜)아체추체리컵150g,"3,400"
CU,식품,뚠뚠)치폴레마요볶음면,"4,900"
CU,식품,고려)호주산홍두깨육포30g,"4,500"
CU,식품,MDS)매콤&로제반반떡볶이,"4,200"
CU,식품,제스프리)썬골드키위(컵),"3,200"
CU,식품,헤이밀)왕만두고기2입,"2,700"
CU,식품,사조)불닭숯불구이후랑크,"2,000"
CU,식품,동원)어단백바두부,"3,500"
CU,식품,동원)어단백바닭가슴살,"3,500"
CU,음료,동서)심플리블랙240ml,"2,300"
CU,음료,오리온)제주용암수P530ml,"1,000"
CU,음료,롯데)델몬트제주감귤1.5L,"3,800"
CU,음료,서강)홍루이젠밀크티휴,"2,700"
CU,음료,비어)칭따오논알콜캔330ml,"2,200"
CU,음료,돈시몬)착즙오렌지주스1L,"4,900"
CU,음료,동아)나랑드사이다캔245ml,"1,200"
CU,음료,서울)강릉커피라떼컵250ml,"2,800"
CU,음료,한독)레디큐프로P120ml,"6,000"
CU,음료,서울)타트체리250ml,"1,800"
CU,음료,OKF)레몬C스파클링500ml,"1,800"
CU,음료,셀렉스)프로핏초코330ml,"3,300"
CU,음료,코카)코카제로P1.5L,"4,000"
CU,음료,빙그레)닥터캡슐베리,"2,300"
CU,음료,동원)얼라이브청포도250ml,"1,700"
CU,음료,레쓰비)그란데헤이즐넛500,"2,200"
CU,음료,삼육)검은콩호두아몬드병,"1,400"
CU,음료,OKF)요구르트스파클링제로,"2,200"
CU,음료,코카)미닛포도P350ml,"1,950"
CU,음료,해태)갈아만든배P500ml,"2,300"
CU,음료,정식품)검은콩고칼슘병,"1,500"
CU,음료,동원)청미채그린200ml,"1,200"
CU,음료,동원)청미채옐로우200ml,"1,200"
CU,음료,코카)씨그램애플P350ml,"1,500"
CU,음료,와일드베리)링곤베리350ml,"1,500"
CU,음료,롯)아이시스에코500ml*20,"18,000"
CU,음료,빙그레)올데이아메리카노,"4,200"
CU,음료,빙그레)올데이헤이즐넛1L,"4,200"
CU,음료,롯데)델몬트오렌지P400ml,"2,200"
CU,음료,롯데)델몬트포도400ml,"2,200"
CU,음료,오비)카스논알콜캔355,"2,000"
CU,음료,롯데)펩시제로라임P500ml,"2,300"
CU,음료,마시는식사비건카카오,"2,200"
CU,음료,마시는식사비건그레인,"2,200"
CU,음료,롯데)칠성사이다제로P500,"2,300"
CU,음료,롯데)칠성사이다제로P1.5,"3,900"
CU,음료,코카)환타파인애플캔250ml,"1,600"
CU,음료,풀무원)잇츠프로틴초코,"2,500"
CU,음료,웅진)자연은납작복숭아340,"1,600"
CU,음료,del)벤티컵얼음400g,"1,300"
CU,음료,PBICK)카페라떼320ml,"1,900"
CU,음료,PBICK)아메리카노320ml,"1,900"
CU,음료,남양)말차에몽190ml,"1,600"
CU,음료,클룹)애사비화이트발사믹,"2,500"
CU,음료,푸드)블랙커런트팝핑톡톡,"1,700"
CU,음료,올리)DIY봉지로얼음800g,"2,100"
CU,음료,서울)듀오안화이바사과,"2,300"
CU,음료,서울)듀오안오리지널푸룬,"2,300"
CU,음료,서울)포리커피200ml,"2,800"
CU,음료,동아)오란씨파인캔350ml,"1,800"
CU,음료,코카)조지아스윗블랙470ml,"2,800"
CU,음료,남양)테이크핏몬스터고소,"3,900"
CU,음료,롯데)칠성사이다제로캔310,"1,800"
CU,음료,롯데)펩시제로라임캔310ml,"1,800"
CU,음료,정식품)검은콩깨베지밀,"1,400"
CU,음료,hy)후지야레몬스쿼시350,"2,700"
CU,음료,푸드)샤인머스캣팝핑톡톡,"1,700"
CU,음료,서울FB)가나디망고드링크,"2,300"
CU,음료,농심)카프리오렌지망고,"1,100"
CU,음료,스벅)카페베로나블랙275ml,"2,800"
CU,음료,쟈뎅)시그니헤이즐넛320ml,"1,600"
CU,음료,쟈뎅)시그니처스위트320ml,"1,600"
CU,음료,1945레몬콜라350,"1,800"
CU,음료,1945라임사이다350,"1,800"
CU,음료,쟈뎅)시그니아메블랙320ml,"1,600"
CU,음료,모구)제로슈가트로피컬320,"1,700"
CU,음료,롯데)솔의눈제로P500ml,"2,000"
CU,음료,hy)윌저지방150ml,"2,000"
CU,음료,hy)윌150ml,"2,000"
CU,음료,PBICK)초코프렌즈500ml,"2,000"
CU,음료,정식품)고단백플레인팩,"1,600"
CU,음료,제주향)천혜향주스P330ml,"3,000"
CU,음료,제주향)청귤주스P330ml,"3,000"
CU,음료,제주향)한라봉주스P330ml,"3,000"
CU,음료,현대그린)카페베르나노350,"2,600"
CU,음료,빙그레)요플레그릭180g,"2,200"
CU,음료,PBICK)쿠앤크프렌즈500ml,"2,000"
CU,음료,스벅)피지오피치딸기400ml,"2,500"
CU,음료,스벅)피지오쿨라임400ml,"2,500"
CU,음료,스벅)시그니처초콜릿200ml,"1,900"
CU,음료,닥터유)단백질딸기팩350,"3,900"
CU,음료,롯데)오트몬드쿠앤크250ml,"2,900"
CU,음료,롯데)오트몬드초코250ml,"2,900"
CU,음료,롯데)레쓰비마일드230ml,"1,400"
CU,음료,코카)코카콜라제로제로500,"2,400"
CU,음료,서울)미노스멜론우유235ml,"2,400"
CU,음료,하이트)티도씨체리P500ml,"2,500"
CU,음료,하이트)티도씨자몽P500ml,"2,500"
CU,음료,갈바니나)레몬탄산수P500m,"1,600"
CU,음료,갈바니나)라임탄산수P500m,"1,600"
CU,음료,농심)루이보스티P600ml,"3,400"
CU,음료,대상)뉴케어프로초코350ml,"3,900"
CU,음료,빙그레)880딸기크림우유,880
CU,음료,서울FB)가나디바나나우유,"2,300"
CU,음료,한화)이글스에너지부스410,"2,000"
CU,음료,쟈뎅)루이보스피치망고500,"2,500"
CU,음료,쟈뎅)히비스애플오렌지500,"2,500"
CU,음료,남양)과수원드링크230ml,"1,200"
CU,음료,롯데)마운틴듀제로캔355ml,"1,700"
CU,음료,현대)미에로화이스파클500,"2,700"
CU,음료,우양)자몽맛가나디190ml,"1,600"
CU,음료,우양)망고맛가나디190ml,"1,600"
CU,음료,우양)사과맛가나디190ml,"1,600"
CU,음료,매일)카페라떼헤이즐넛190,"1,400"
CU,음료,매일)카페라떼클래식190,"1,400"
CU,음료,스벅)시그니처밀크티P325,"2,600"
CU,음료,할리스)바닐라딜라이트450,"3,200"
CU,음료,할리스)블랙아리아아메550,"3,200"
CU,음료,할리스)시그니처아메P550,"3,200"
CU,음료,도성)6년근홍삼진액팩70ml,"1,300"
CU,음료,올리)수박망고화채컵450g,"4,500"
CU,음료,푸르밀)케냐AA라떼300ml,"2,900"
CU,음료,푸르밀)예가체프라떼300ml,"2,900"
CU,음료,서울)요구르트1.7L,"4,900"
CU,음료,서울)커피타운헤이즐넛250,"2,600"
CU,음료,코카)닥터페퍼제로스트350,"1,900"
CU,음료,코카)환타멜론P600ml,"2,200"
CU,음료,롯데)칠성사이다오렌지500,"2,300"
CU,음료,롯데)깨수깡캔160ml,"5,000"
CU,음료,비비랩)애사비워터230ml,"1,800"
CU,음료,비비랩)레몬워터230ml,"1,800"
CU,음료,HK)컨디션탄산제로병100ml,"5,000"
CU,음료,OKF)제로오렌지탄산캔500,"2,700"
CU,음료,OKF)제로청포도탄산캔500,"2,700"
CU,음료,OKF)제로딸기탄산캔500,"2,700"
CU,음료,인테)레몬즙워터P500ml,"2,600"
CU,음료,유한)내일N숙취해소병100,"5,000"
CU,음료,롯데)핫식스더킹애플캔355,"2,300"
CU,음료,롯데)탐스오렌지캔355ml,"1,500"
CU,음료,인테)애사비스파클링P350,"2,500"
CU,음료,모구)솜사탕젤리P320ml,"1,700"
CU,음료,모구)풍선껌젤리P320ml,"1,700"
CU,음료,올리)3990봉지얼음3.3kg,"3,990"
CU,음료,한화)이글스이온부스터410,"2,000"
CU,음료,삼경)가나디레몬비타워터,"2,500"
CU,음료,삼경)가나디자몽비타워터,"2,500"
CU,음료,삼경)가나디레몬녹차P500,"2,500"
CU,음료,삼경)가나디납복녹차P500,"2,500"
CU,음료,정식품)진한콩국물950ml,"3,700"
CU,음료,태웅)990아메리카노스위트,990
CU,음료,신이어)유기농보리차P600,"2,500"
CU,음료,동화)배러애사비P120g,"3,500"
CU,음료,동화)배러푸룬P120g,"3,500"
CU,음료,정지영)아메리카노P500ml,"2,800"
CU,음료,정지영)디카페아메P500ml,"2,800"
CU,음료,팔도)뽀로로밀크톡P335ml,"1,700"
CU,음료,HK)새싹보리블랙P500ml,"2,500"
CU,음료,이디야)블렌딩티망고피치,"1,800"
CU,음료,이디야)블렌딩티유자자몽,"1,800"
CU,음료,풀무원)그릭설탕무첨가400,"4,600"
CU,음료,동화)배러텐션P120g,"3,500"
CU,음료,동화)배러레스트P120g,"3,500"
CU,음료,티니핑)빤짝핑달콤꿀물,"2,500"
CU,음료,오비)카스레몬논알콜캔473,"2,800"
CU,음료,웅진)프로타민초코250ml,"3,800"
CU,음료,웅진)프로타민고소한250ml,"3,800"
CU,음료,일화)파이어플럼레몬캔500,"2,700"
CU,음료,일화)파이어망고패션캔500,"2,700"
CU,음료,매일)바나나맛있다무가당,"1,500"
CU,음료,매일)그릭드링킹바나나190,"2,900"
CU,음료,매일)그릭드링킹플레인190,"2,900"
CU,음료,코카)스프라이트제로칠350,"1,900"
CU,음료,코카)일로하스피치P540,"2,500"
CU,음료,남양)테이크핏몬스터350ml,"3,900"
CU,음료,동원)윤곽나인P500ml,"2,200"
CU,음료,스벅)프라푸치바닐라병281,"3,100"
CU,음료,코카)몬스터파피용캔355,"2,300"
CU,음료,서울)흰우유1.8L,"6,200"
CU,음료,일화)맥콜P500ml,"2,000"
CU,음료,롯데)클라우드논알콜릭500,"2,800"
CU,음료,함소아)튼튼워터복숭아,"1,200"
CU,음료,함소아)튼튼워터요구르트,"1,200"
CU,음료,베어스)더빅아이스컵650g,"1,900"
CU,음료,티니핑)빛나핑배에이드,"1,400"
CU,음료,티니핑)오로라자두에이드,"1,400"
CU,음료,티니핑)하츄핑딸기에이드,"1,400"
CU,음료,태웅)990아메리카노블랙,990
CU,음료,롯데)메가톤라떼230ml,"1,900"
CU,음료,티니핑)빤짝핑바나나우유,"1,900"
CU,음료,티니핑)하츄핑딸기우유,"1,900"
CU,음료,삼경)널담에너지자몽캔355,"2,300"
CU,음료,서영)모닝이즈백병100ml,"5,000"
CU,음료,가나디)딸기우유500ml,"2,200"
CU,음료,가나디)초코우유500ml,"2,200"
CU,음료,hy)야쿠르트제로190ml,"1,200"
CU,음료,롯데)핫식스프로멀티캔355,"2,700"
CU,음료,롯데)핫식스프로오리캔355,"2,700"
CU,음료,링티)레몬라이트P1L,"4,500"
CU,음료,브리티시)헤이즐넛P500ml,"2,800"
CU,음료,브리티시)블랙아메P500ml,"2,800"
CU,음료,정식품)커피블렌딩소이,"2,300"
CU,음료,광동)위생천스파클링제로,"1,100"
CU,음료,링티)씨너지에너지캔250,"2,200"
CU,음료,광동)비타500이온플러스,"2,000"
CU,음료,빙그레)따옴라이트청사과,"2,400"
CU,음료,빙그레)따옴라이트복숭아,"2,400"
CU,음료,빙그레)아카페라UP디카페,"2,600"
CU,음료,코카)파워라임제로P600,"2,400"
CU,음료,롯데)핫식스더킹제로캔500,"3,000"
CU,음료,롯데)핫식스더킹파워캔500,"3,000"
CU,음료,롯데)칸타타헤이즐넛320ml,"1,700"
CU,음료,코오롱)리얼아미노워터230,"1,600"
CU,음료,대상)아르포텐코어핏캔355,"2,200"
CU,음료,대상)아르포텐포커스캔355,"2,200"
CU,음료,HK)티로그자두홍차P500,"2,500"
CU,음료,HK)티로그청포도홍차P500,"2,500"
CU,음료,25del)스윗마티니340ml,"1,400"
CU,음료,25del)블랙마티니340ml,"1,400"
CU,음료,종근당)아임비타에너지샷,"2,200"
CU,음료,25del)메론팝핑톡230ml,"1,600"
CU,음료,25del)코코넛워터멜론팝핑,"1,600"
CU,음료,25del)레몬팝핑톡230ml,"1,600"
CU,음료,하림)오늘단백밀크초코,"2,900"
CU,음료,하림)오늘단백밀크카라멜,"2,900"
CU,음료,hy)갓비움애사비마일드,"2,400"
CU,음료,서울)강릉아인슈페너250ml,"2,800"
CU,음료,서울)멜론우유300ml,"2,100"
CU,음료,풀무원)아임리얼100사과,"1,800"
CU,음료,풀무원)아임리얼100레몬,"1,800"
CU,음료,빙그레)더단백워터청사과,"3,900"
CU,음료,빙그레)요플레오베지케일,"2,400"
CU,음료,빙그레)요플레오베지ABC,"2,400"
CU,음료,빙그레)더단백워터백자몽,"3,900"
CU,음료,롯데)펩시제로모히토P500,"2,300"
CU,음료,농심)츄파코코레몬240ml,"1,600"
CU,음료,하이트)보리누룽지P520,"2,200"
CU,음료,25del)피나콜라다에이드,"1,400"
CU,음료,동아)데미레드애플캔350ml,"1,900"
CU,음료,빙그레)슈퍼부스트파워500,"3,200"
CU,음료,25del)디카페인아메340ml,"1,400"
CU,음료,25del)콜드브루아메340ml,"1,400"
CU,음료,일화)레몬애사비소다캔250,"1,700"
CU,음료,롯데)펩시제로라임캔490ml,"2,300"
CU,음료,롯데)칠성사이다캔490ml,"2,300"
CU,음료,25del)키위에이드340ml,"1,200"
CU,음료,25del)수박에이드340ml,"1,200"
CU,음료,25del)망고에이드340ml,"1,200"
CU,음료,이그니스)바이탈레몬캔500,"2,700"
CU,음료,서울)후레쉬우유900ml,"3,000"
CU,음료,빙그레)오늘의커피연유,"2,700"
CU,음료,25del)청포도에이드340,"1,200"
CU,음료,25del)블루레몬에이드340,"1,200"
CU,음료,쥬맥스)오후홍차레몬P500,"3,300"
CU,음료,쥬맥스)오후홍차스트P500,"3,300"
CU,음료,인테)메론소다제로250,"1,700"
CU,음료,인테)구름소다제로250,"1,700"
CU,음료,동원)양반유자차P500ml,"2,200"
CU,음료,인테)슈로코코제로요구340,"2,500"
CU,음료,인테)슈로코코제로피치340,"2,500"
CU,음료,풀무원)요거톡레몬머랭,"2,200"
CU,음료,25del)캐러멜라떼340ml,"2,000"
CU,음료,25del)바닐라라떼340ml,"2,000"
CU,음료,매일)피크닉천도복숭아240,"1,000"
CU,음료,서울)올데이제로청매실,"1,800"
CU,음료,박대리)맛점커피바나나300,"2,600"
CU,음료,빙그레)바나나우유무가당,"1,800"
CU,음료,동원)비타C자몽에이드500,"2,200"
CU,음료,25del)제로헤이즐넛향500,"1,800"
CU,음료,동아)모닝케어프레스온G병,"6,000"
CU,음료,동아)모닝케어프레스온H병,"6,000"
CU,음료,맑은)T없이맑은차P500ml,"2,200"
CU,음료,25del)복숭아아이스티340,"1,200"
CU,음료,연세)마카다미아초코190ml,"1,600"
CU,음료,연세)딸기우유190ml,"1,600"
CU,음료,동원)소화잘되는바닐라떼,"2,800"
CU,음료,동원)소화잘되는카페라떼,"2,800"
CU,음료,풀무원)비타미니즈딸기,"1,500"
CU,음료,풀무원)비타미니즈자두,"1,500"
CU,음료,빙그레)왕실초코190ml,"1,600"
CU,음료,25del)헤이즐넛향340ml,"1,200"
CU,음료,올리)얼린통귤얼음컵140g,"1,600"
CU,음료,동원)생크림요거트150g,"2,900"
CU,음료,서울)복숭아요구르트750ml,"2,900"
CU,음료,건사)저당밀크티160ml,"2,200"
CU,음료,건사)저당티라미수160ml,"2,200"
CU,음료,요즘)그릭애플시나몬,"4,900"
CU,음료,요즘)그릭그래놀라,"4,900"
CU,음료,풀무원)액티비아딸기150g,"3,200"
CU,음료,풀무원)액티비아사과150g,"3,200"
CU,음료,서울)미노스바나나우유235,"2,400"
CU,음료,빙그레)오늘의커피바닐라,"2,700"
CU,음료,빙그레)오늘의커피라떼,"2,700"
CU,음료,롯데)클라우드논알콜캔350,"1,500"
CU,음료,코카)몬스터스트로베리355,"2,300"
CU,음료,일화)에버데이에너지P500,"2,800"
CU,음료,일화)에버데이이온P500ml,"2,800"
CU,음료,코카)코카콜라제로제로350,"2,100"
CU,음료,웅진)카무트현미차P500ml,"2,500"
CU,음료,동원)덴마크커피커피우유,"2,100"
CU,음료,hy)호우섬홍콩밀크티350ml,"2,600"
CU,음료,서울)멸균우유200ml,"1,200"
CU,음료,동원)먹는샘물P500ml,"1,000"
CU,음료,동아)얼박복숭아210ml,"1,800"
CU,음료,동아)얼박샤인머스캣210ml,"1,800"
CU,음료,동아)얼박오리지널210ml,"1,800"
CU,음료,동원)얼라이브자몽200ml,"1,500"
CU,음료,동원)얼라이브망고200ml,"1,500"
CU,음료,롯데)델몬트토마토P400ml,"2,200"
CU,음료,태웅)초록애플마티니230ml,"1,600"
CU,음료,태웅)레드썬라이즈230ml,"1,600"
CU,음료,비알)오늘의꿀유자P280ml,"1,800"
CU,음료,웅진)꿀홍삼P280ml,"2,000"
CU,음료,짱구)찐아메리카노900ml,"3,000"
CU,음료,비알)오늘의꿀헛개P280ml,"1,800"
CU,음료,남양)맛있는두유검은콩190,"1,500"
CU,음료,남양)맛있는두유담백190,"1,500"
CU,음료,삼경)하타소다피치500,"3,500"
CU,음료,삼경)하타소다그레이프500,"3,500"
CU,음료,삼경)하타소다오리지널500,"3,500"
CU,음료,삼경)산가리아멜론소다500,"3,500"
CU,음료,종근당)멀티비타4U100ml,"1,800"
CU,음료,매일)바이오그릭플레인150,"3,400"
CU,음료,남양)소화잘되는우유900ml,"3,300"
CU,음료,코카)몬스터울트라캔500ml,"3,000"
CU,음료,코카)몬스터에너지캔500ml,"3,000"
CU,음료,코카)코카콜라제로캔190m,"1,500"
CU,음료,예지픽)달달커피헤이즐넛,"2,600"
CU,음료,예지픽)달달커피오리지널,"2,600"
CU,음료,디지몬)애플망고아이스티,"2,600"
CU,음료,엉덩이탐정)복숭아아이스,"2,600"
CU,음료,랩노쉬)프로틴쿠앤크P350,"3,800"
CU,음료,삼양)프로틴드롭P500ml,"3,500"
CU,음료,BP)뱅쇼에이드230ml,"1,500"
CU,음료,동화)부채표쌍화원100ml,"1,200"
CU,음료,롯데)아이시스8.0P300ml,700
CU,음료,링티)제로레몬라이트P500,"3,200"
CU,음료,대상)뉴케어올프로틴곡물,"3,300"
CU,음료,대상)뉴케어올프로틴초코,"3,300"
CU,음료,대상)뉴케어올프로틴바나,"3,300"
CU,음료,모구)리치젤리P500ml,"2,300"
CU,음료,모구)복숭아젤리P500ml,"2,300"
CU,음료,셀렉스)프로핏바나나,"2,900"
CU,음료,CJ)얼티브프로틴맛밤,"2,900"
CU,음료,동원)소화잘되는초코190ml,"1,500"
CU,음료,동원)소화잘되는딸기190ml,"1,500"
CU,음료,미루꾸)플랫그레이라떼,"3,500"
CU,음료,미루꾸)플랫너티라떼,"3,500"
CU,음료,미루꾸)플랫슈패너라떼,"3,500"
CU,음료,HEYROO디카페인아메리카노,"1,900"
CU,음료,칸타타)아마레또라떼P340,"2,500"
CU,음료,풀무원)그릭딸기베리150g,"3,900"
CU,음료,매일)바리스타무가당에스,"3,500"
CU,음료,매일)바리스타무가당바닐,"3,500"
CU,음료,빙그레)990초코우유,990
CU,음료,빙그레)990딸기우유,990
CU,음료,빙그레)더단백멜론드링크,"2,900"
CU,음료,비알)배스킨라빈스멜론,"1,500"
CU,음료,매일)그릭파우치플레인120,"3,400"
CU,음료,매일)그릭파우치허니120,"3,400"
CU,음료,서울)프로틴에너지커피,"2,900"
CU,음료,서울)프로틴에너지초코,"2,900"
CU,음료,서울FB)우유듬뿍180ml,900
CU,음료,하이트)포멜로논알콜캔350,"1,800"
CU,음료,건사)레몬스파클링P500ml,"2,200"
CU,음료,건사)유자스파클링P500ml,"2,200"
CU,음료,PBICK)블루레몬에이드P410,"1,500"
CU,음료,하이트)진로토닉워터600ml,"2,600"
CU,음료,삼경)오트사이드초코200ml,"1,500"
CU,음료,삼경)오트사이드오리200ml,"1,500"
CU,음료,삼경)오트사이드바리스1L,"5,500"
CU,음료,삼경)싱하소다워터325ml,"1,800"
CU,음료,올리)빅볼레몬얼음컵170g,"1,500"
CU,음료,광동)제주삼다수P330ml,850
CU,음료,닥터유)단백질초코팩350,"3,900"
CU,음료,풀무원)아임리얼당근190ml,"3,700"
CU,음료,롯데)펩시제로제로P500ml,"2,300"
CU,음료,거림)산펠레그리노병250ml,"2,500"
CU,음료,마담홍)클래식버블티캔315,"2,500"
CU,음료,마담홍)흑당버블티캔315,"2,500"
CU,음료,박대리)출근커피바닐라300,"2,600"
CU,음료,박대리)퇴근커피카라멜300,"2,600"
CU,음료,오롤리)그릭플레인100g,"3,500"
CU,음료,보령)우유창고플랫화이트,"2,700"
CU,음료,스벅)카페모카컵320ml,"3,300"
CU,음료,더본)빽다방블랙커피P500,"2,700"
CU,음료,롯데)아이시스2LP4입,"2,700"
CU,음료,올덴)멸균우유1L,"2,200"
CU,음료,올덴)멸균우유저지방1L,"2,200"
CU,음료,매일)허쉬초코바나나190ml,"1,600"
CU,음료,매일)허쉬초코딸기190ml,"1,600"
CU,음료,코카)코카콜라제로캔490ml,"2,300"
CU,음료,코카)코카콜라레드캔490ml,"2,300"
CU,음료,닥터유)단백질딸기팩250,"2,900"
CU,음료,동서)스타벅스돌체캔275ml,"3,300"
CU,음료,오비)버드와이저무알콜330,"2,000"
CU,음료,코카)몬스터오지레몬캔355,"2,300"
CU,음료,서울)A2플러스우유710ml,"3,900"
CU,음료,롯데)칠성사이다그린P500,"2,300"
CU,음료,롯데)트레비플레인P500ml,"1,800"
CU,음료,팔도)비락식혜제로캔238,"1,300"
CU,음료,풀무원)그릭플레인150g,"3,900"
CU,음료,동서)헤이즐넛향1L,"3,600"
CU,음료,올리)더빅아이스컵650g,"1,900"
CU,음료,동화)하루한병마그네슘100,"2,000"
CU,음료,동화)하루한병밀크씨슬100,"2,000"
CU,음료,동원)하이요구르트280ml,"1,700"
CU,음료,서울)커피타운모카250ml,"2,600"
CU,음료,서울)커피타운바닐라250ml,"2,600"
CU,음료,서울)내안의진짜딸기280ml,"2,300"
CU,음료,서울)내안의진짜초코280ml,"2,300"
CU,음료,정식품)고단백두유초코팩,"1,600"
CU,음료,BP)아메리카노블랙1L,"3,600"
CU,음료,프릳츠)바닐라라떼250ml,"2,900"
CU,음료,프릳츠)카페라떼250ml,"2,900"
CU,음료,팔도)야관문차캔340ml,"1,500"
CU,음료,종근당)다이어트코치커피,"3,500"
CU,음료,종근당)다이어트코치초코,"3,500"
CU,음료,동원)블루캔디밀크소다500,"2,200"
CU,음료,광동)비타500제로스파클링,"1,600"
CU,음료,코카)코카제로체리P500ml,"2,400"
CU,음료,모구)수박젤리P320ml,"1,700"
CU,음료,HDEX)퍼포먼스체리라임500,"2,500"
CU,음료,HK)스파클링애플캔355,"2,000"
CU,음료,HK)스파클링복숭아캔355,"2,000"
CU,음료,던킨)녹차샤인아이스P500,"2,200"
CU,음료,던킨)홍차피치아이스P500,"2,200"
CU,음료,비알)리브레블랙300,"2,900"
CU,음료,정관장)홍삼원파우치100ml,"1,600"
CU,음료,광동)비타500제로340ml,"2,000"
CU,음료,광동)썬키스트제로자두600,"2,200"
CU,음료,웅진)유기농하늘보리P500,"2,500"
CU,음료,웅진)헛개차캔340ml,"1,500"
CU,음료,매일)바이오프로틴사과,"3,800"
CU,음료,매일)바이오프로틴플레인,"3,800"
CU,음료,빙그레)아카페라벤티헤이,"3,200"
CU,음료,빙그레)아카페라벤티아메,"3,200"
CU,음료,롯데)게토레이제로P600ml,"2,200"
CU,음료,스벅)셀렉트카라멜300ml,"2,900"
CU,음료,동서)레드불퍼플캔250ml,"2,400"
CU,음료,클룹)애사비타트체리P500,"2,500"
CU,음료,클룹)애사비오리지널P500,"2,500"
CU,음료,할리스)카라멜마끼아또,"3,000"
CU,음료,쟈뎅)마이쮸트리플베리230,"1,700"
CU,음료,쟈뎅)마이쮸납작복숭아230,"1,700"
CU,음료,유한)내일N숙취해소100ml,"5,000"
CU,음료,웅진)푸룬부스터P200ml,"4,500"
CU,음료,서울)A2플러스우유180ml,"1,700"
CU,음료,동아)나랑드사이다캔345ml,"1,800"
CU,생활용품,더블유)핸드크림머스크,"4,500"
CU,생활용품,더블유)핸드크림코튼향,"4,500"
CU,생활용품,도루코)페이스6면도3입,"8,600"
CU,생활용품,티머니)조앤프렌즈블랙,"6,000"
CU,생활용품,티머니)조앤프렌즈블루,"6,000"
CU,생활용품,티머니)조앤프렌즈핑크,"6,000"
CU,생활용품,동아)육식파키위효소3g,"2,000"
CU,생활용품,이즐)하트품은메타몽카드,"6,500"
CU,생활용품,이즐)춤추는메타몽카드,"6,500"
CU,생활용품,쿤달)퓨어바디워시200ml,"5,000"
CU,생활용품,쿤달)트리트먼트200ml,"5,000"
CU,생활용품,쿤달)네이처샴푸200ml,"5,000"
CU,생활용품,이즐)귀칼무한성태피기획,"7,000"
CU,생활용품,티머니)트래블카드플러스,"6,000"
CU,생활용품,동아)올리브오일10g,"2,000"
CU,생활용품,CU프렌즈)뉴3in1케이블,"15,500"
CU,생활용품,CU프렌즈)CtoC고속케이블,"12,500"
CU,생활용품,CU프렌즈)65W초고속충전기,"29,900"
CU,생활용품,VT)리들샷립타투코랄,"6,900"
CU,생활용품,VT)리들샷립타투로즈,"6,900"
CU,생활용품,T1)탑티어핫팩,"1,500"
CU,생활용품,종근당)두뇌기억력10정,"5,000"
CU,생활용품,종근당)종합건강10정,"5,000"
CU,생활용품,종근당)간건강10정,"5,000"
CU,생활용품,종근당)뼈건강10정,"5,000"
CU,생활용품,종근당)다이어트10정,"5,000"
CU,생활용품,종근당)장건강10정,"5,000"
CU,생활용품,종근당)눈건강10정,"5,000"
CU,생활용품,종근당)혈행건강10정,"5,000"
CU,생활용품,종근당)이너케어10정,"5,000"
CU,생활용품,비비안)25남성모달팬티105,"9,900"
CU,생활용품,비비안)25남성모달팬티100,"9,900"
CU,생활용품,비비안)25여성모달팬티95,"8,900"
CU,생활용품,비비안)25여성모달팬티100,"8,900"
CU,생활용품,마른5)히트기모남성하의L,"13,900"
CU,생활용품,마른5)히트기모남성상의L,"15,900"
CU,생활용품,이즐)한글춘배카드,"5,000"
CU,생활용품,이즐)세종춘배카드,"5,000"
CU,생활용품,CU프렌즈)뉴C타입케이블1m,"7,500"
CU,생활용품,CU프렌즈)뉴8핀케이블1m,"7,500"
CU,생활용품,포유)투명돌라이터,700
CU,생활용품,티머니)가나디꾸벅카드,"6,000"
CU,생활용품,티머니)가나디듀카드,"6,000"
CU,생활용품,동아)끓어올려10정,"5,000"
CU,생활용품,동아)관절해10정,"5,000"
CU,생활용품,동아)괜찮아릴렉스10정,"5,000"
CU,생활용품,동아)에너지10정,"5,000"
CU,생활용품,수미)파티스마트저당망고2입,"3,900"
CU,생활용품,동아)약골탈퇴10정,"5,000"
CU,생활용품,동아)이순간10정,"5,000"
CU,생활용품,동아)눈호강10정,"5,000"
CU,생활용품,동아)혈행의선순환10정,"5,000"
CU,생활용품,바세린)립세럼어드밴스,"9,900"
CU,생활용품,바세린)립세럼더마프로,"9,900"
CU,생활용품,나무)25스마트폰터치장갑,"8,000"
CU,생활용품,나무)25방한귀마개,"4,000"
CU,생활용품,엘르)25보온양말,"3,600"
CU,생활용품,페넬)25타이즈80D,"8,500"
CU,생활용품,페넬)25타이즈70D,"7,500"
CU,생활용품,비비안)25압박타이즈80D,"9,900"
CU,생활용품,비비안)25기모타이즈,"11,000"
CU,생활용품,비비안)25타이즈80D,"8,900"
CU,생활용품,비비안)25타이즈50D,"7,900"
CU,생활용품,비비안)25시스루타이즈80D,"14,900"
CU,생활용품,비비안25시스루기모타이즈,"18,900"
CU,생활용품,바세린)핑크버블리립,"5,500"
CU,생활용품,유시몰)오리지널치약106g,"9,900"
CU,생활용품,쏘피)유기농대형14P,"9,500"
CU,생활용품,쏘피)유기농중형16P,"9,500"
CU,생활용품,라엘)순면커버중형16P,"11,900"
CU,생활용품,크리)가습촉촉마스크2P,"3,300"
CU,생활용품,좋은)수퍼소프트대형4P,"3,000"
CU,생활용품,이즐)귀멸의칼날무한성편,"5,000"
CU,생활용품,뉴트)애사비탱글스틱20g,"2,000"
CU,생활용품,뉴트)비비유기농레몬자몽,"1,500"
CU,생활용품,아텍스)한교동립케어,"6,000"
CU,생활용품,아텍스)헬로키티립케어,"6,000"
CU,생활용품,아텍스)마이멜로디립케어,"6,000"
CU,생활용품,소방희망)일구핫팩패치형,"1,200"
CU,생활용품,소방희망)웅이핫팩특대형,"1,500"
CU,생활용품,소방희망)영이핫팩포켓형,"1,300"
CU,생활용품,니베아)히알루론로제립,"6,500"
CU,생활용품,포유)메탈제트터보라이터,"1,700"
CU,생활용품,몬스)에이원돌라이터,700
CU,생활용품,마이멜로디)키즈양치세트,"4,900"
CU,생활용품,도루코)다용도가위,"5,900"
CU,생활용품,도루코)포켓과도,"5,900"
CU,생활용품,CU프렌즈)마그네틱배터리,"27,900"
CU,생활용품,CU프렌즈)도킹배터리5천,"16,900"
CU,생활용품,라보)두피강화샴푸400ml,"24,000"
CU,생활용품,종건)아임비타아르기닌31g,"3,500"
CU,생활용품,종건)아임비타글루타치31g,"3,500"
CU,생활용품,크리)쿨링물티슈라임10매,"1,000"
CU,생활용품,도성)알디콤Plus21ml,"4,800"
CU,생활용품,도성)알디콤V20ml,"4,800"
CU,생활용품,도성)알디콤A15ml,"3,900"
CU,생활용품,수미)파티스마트저당2입,"3,900"
CU,생활용품,동국)이지스마트구미12g,"3,900"
CU,생활용품,종건)아임비타멀티비타20m,"4,700"
CU,생활용품,종건)락토핏골드20g,"5,300"
CU,생활용품,깨끗)스카이손소독티슈10P,"1,500"
CU,생활용품,동화)마그랩포에너지25ml,"3,900"
CU,생활용품,동화)마그랩포스트레스25m,"3,900"
CU,생활용품,리앤웰)비말키즈마스크5P,"2,500"
CU,생활용품,이지덤)퀵카밍패치2매,"3,900"
CU,생활용품,게임즈)K리그25기본팩카드,"1,500"
CU,생활용품,사가미)0.01콘돔2P(라지),"14,800"
CU,생활용품,식물나라)비누90g,"1,800"
CU,생활용품,한미)텐텐맛멀티비타민4입,"2,500"
CU,생활용품,동아)아일로애사비구미20g,"1,800"
CU,생활용품,동아)모닝케어위솔루션15g,"3,200"
CU,생활용품,쓰리쎄븐)고급손톱깎이,"4,500"
CU,생활용품,베어스)포토카드팩,"5,500"
CU,생활용품,포켓몬)로켓단의영광,"1,000"
CU,생활용품,티머니)트래블카드,"4,000"
CU,생활용품,종근당)신깨노니땡큐샷30m,"6,000"
CU,생활용품,동아)듀오버스터30캡슐,"8,900"
CU,생활용품,동화)배러레스트딥10정,"6,900"
CU,생활용품,CU프렌즈)무선이어폰커널,"19,900"
CU,생활용품,CU프렌즈)C타입이어폰블랙,"9,800"
CU,생활용품,PBICK)일회용공기10P,"2,400"
CU,생활용품,PBICK)일회용접시대10P,"2,400"
CU,생활용품,PBICK)일회용접시중10P,"2,200"
CU,생활용품,PBICK)일회용접시소10P,"1,900"
CU,생활용품,플랙커스)민트치실36입,"4,100"
CU,생활용품,멘소)아크네스폼클렌저,"4,900"
CU,생활용품,쏘피)쿨링롱라이너40P,"11,800"
CU,생활용품,디어스킨)에어쿨링대형14P,"8,900"
CU,생활용품,디어스킨)에어쿨링중형16P,"8,900"
CU,생활용품,화이트)스테이쿨대형16입,"12,500"
CU,생활용품,글로벌)남성일회용팬티3입,"9,900"
CU,생활용품,글로벌)여성일회용팬티3입,"8,900"
CU,생활용품,VT)리들샷수분파랑,"7,900"
CU,생활용품,VT)리들샷비타노랑,"7,900"
CU,생활용품,VT)리들샷시카초록,"7,900"
CU,생활용품,VT)스킨팩수딩초록,"3,900"
CU,생활용품,VT)스킨팩수분파랑,"3,900"
CU,생활용품,VT)스킨팩미백노랑,"3,900"
CU,생활용품,한삼인)잠잠30ml,"4,400"
CU,생활용품,모닝)산리오랜덤스퀴시,"7,500"
CU,생활용품,종근당)신깨노니배사과맛,"3,900"
CU,생활용품,종근당)신깨노니복숭아맛,"3,900"
CU,생활용품,뉴클)블루투스커널이어폰,"16,900"
CU,생활용품,아텍스)꼭꼭숨찌12매,"2,900"
CU,생활용품,SK7)일반알뜰폰후불유심,"6,600"
CU,생활용품,산리오)라이팅피규어키링,"6,000"
CU,생활용품,비비안)25손등토시누드,"5,500"
CU,생활용품,비비안)25고급팔토시검정,"7,500"
CU,생활용품,비비안)25기본팔토시검정,"5,500"
CU,생활용품,비비안)25면반팔티검정L,"14,900"
CU,생활용품,비비안)25남성쿨팬티L,"9,900"
CU,생활용품,비비안)25남성쿨팬티XL,"9,900"
CU,생활용품,비비안)25여성쿨팬티M,"8,900"
CU,생활용품,한삼인)멀티비타G홍삼샷,"4,400"
CU,생활용품,티머니)기후동행고서울,"3,000"
CU,생활용품,아텍스)산리오썸머링,"8,900"
CU,생활용품,루트비)방탄꼭지여성4매입,"5,500"
CU,생활용품,하루온)쿨링타올5입,"7,500"
CU,생활용품,하루온)쿨링타올1입,"1,500"
CU,생활용품,타이니탄)선크림JungKook,"14,900"
CU,생활용품,타이니탄)선크림V,"14,900"
CU,생활용품,타이니탄)선크림Jimin,"14,900"
CU,생활용품,타이니탄)선크림j-hope,"14,900"
CU,생활용품,타이니탄)선크림SUGA,"14,900"
CU,생활용품,타이니탄)선크림Jin,"14,900"
CU,생활용품,타이니탄)선크림RM,"14,900"
CU,생활용품,인경)25여성쿨캐미솔M,"14,900"
CU,생활용품,인경)25남성쿨크루넥반팔L,"14,900"
CU,생활용품,인경)25여성쿨덧신누드,"4,900"
CU,생활용품,종근당)아미코어프로틴샷,"4,500"
CU,생활용품,포유)개별3구멀티탭1.5m,"17,000"
CU,생활용품,포유)안전4구멀티탭2m,"20,000"
CU,생활용품,니베아)드라이스틱데오,"11,900"
CU,생활용품,니베아)프로텍트선로션,"17,800"
CU,생활용품,미래)잘풀리는집벚꽃30롤,"16,900"
CU,생활용품,게임즈)구십구토이스토리,"5,000"
CU,생활용품,테라)휴대용접이식의자,"12,900"
CU,생활용품,티니핑)티슈230매4입,"6,500"
CU,생활용품,게임즈)2025EPL탑클래스,"4,000"
CU,생활용품,티니핑)키링만들기,"3,500"
CU,생활용품,제이)1990물티슈100매,"1,990"
CU,생활용품,피지오겔)DMT선로션100ml,"35,000"
CU,생활용품,서영)모닝이즈백그린20g,"3,300"
CU,생활용품,서영)모닝이즈백블루20g,"3,300"
CU,생활용품,서영)모닝이즈백레몬20g,"3,300"
CU,생활용품,티니핑)자동버블건,"24,000"
CU,생활용품,티니핑)스틱비누방울,"6,500"
CU,생활용품,티니핑)칭찬스탬프,"3,500"
CU,생활용품,정관장)비타민활기력샷20m,"3,500"
CU,생활용품,듀라셀)울트라3A4입,"10,800"
CU,생활용품,듀라셀)울트라2A4입,"10,800"
CU,생활용품,HK)신컨디션스틱자두10입,"39,000"
CU,생활용품,HK)신컨디션스틱10입,"39,000"
CU,생활용품,HK)신컨디션스틱망고10입,"39,000"
CU,생활용품,HK)신컨디션그린애플10입,"39,000"
CU,생활용품,동아)아일로카무트효소3g,"1,500"
CU,생활용품,동아)비타그란구미포도7입,"5,900"
CU,생활용품,동아)카무트효소10입,"15,000"
CU,생활용품,뉴트리)닭가슴살용기,"2,500"
CU,생활용품,뉴트리)참치닭가슴살용기,"2,500"
CU,생활용품,동아)비타그란레몬즙20g,"1,500"
CU,생활용품,동아)츄어블레몬4입,"1,500"
CU,생활용품,동아)팝핑스틱샤인머스3g,"1,500"
CU,생활용품,비비안)KF94흰색대형1P,"1,900"
CU,생활용품,글로벌)두손고무장갑L,"3,000"
CU,생활용품,화이트)드림가드오버3P,"3,900"
CU,생활용품,크리)다용도키친타올100매,"4,000"
CU,생활용품,메디폼)습윤드레싱1매,"3,900"
CU,생활용품,마즈)쉬바닭고기참치용기,"3,000"
CU,생활용품,마즈)쉬바닭고기용기,"3,000"
CU,생활용품,파니니)FIFA2025기본팩,"2,000"
CU,생활용품,동화)까스명수골드병75ml,"1,200"
CU,생활용품,쉬즈)올인원스킨로션15ml,"1,500"
CU,생활용품,쉬즈)립글로스투명3ml,"3,000"
CU,생활용품,쉬즈)립컬러틴트쿨핑크3ml,"3,000"
CU,생활용품,쉬즈)립컬러틴트웜레드3ml,"3,000"
CU,생활용품,나무)다용도면행주,"1,700"
CU,생활용품,하림펫)밥보약덴탈츄면역,"2,300"
CU,생활용품,하림펫)밥보약덴탈츄관절,"2,300"
CU,생활용품,뉴트)비비랩유기농레몬즙,"1,500"
CU,생활용품,동아)예지력써큐란아르기,"3,200"
CU,생활용품,하루온)포켓형핫팩80G,"1,300"
CU,생활용품,하루온)패치형핫팩50G,"1,200"
CU,생활용품,아리얼)1DAY스킨케어키트,"3,000"
CU,생활용품,뉴트)애사비탱글포켓5입,"5,900"
CU,생활용품,후코홀릭)리얼육포60g,"3,500"
CU,생활용품,원니즈)판걸이머리끈,"1,500"
CU,생활용품,엔젤)핸드크림자스민30g,"3,000"
CU,생활용품,엔젤)핸드크림튤립향30g,"3,000"
CU,생활용품,엔젤)핸드크림프리지30g,"3,000"
CU,생활용품,포미그)수면안대라벤더3매,"3,600"
CU,생활용품,삼아)지퍼팩대형20매,"2,800"
CU,생활용품,삼아)쿠킹팩중형100매,"1,800"
CU,생활용품,좋은)울날소18P,"9,900"
CU,생활용품,뉴트)예지샷멀티비타슈퍼,"3,900"
CU,생활용품,유한)비컴플마그네슘25ml,"3,900"
CU,생활용품,유한)비컴플아르기닌25ml,"3,900"
CU,생활용품,메디힐)수딩마스크팩10입,"10,000"
CU,생활용품,메디힐)카밍마스크팩10입,"10,000"
CU,생활용품,메디힐)퍼밍마스크팩10입,"10,000"
CU,생활용품,메디힐)카밍마스크팩1P,"1,000"
CU,생활용품,메디힐)퍼밍마스크팩1P,"1,000"
CU,생활용품,메디힐)수딩마스크팩1P,"1,000"
CU,생활용품,페브리즈)미스티크향370ml,"12,000"
CU,생활용품,엔젤)시카스피큘앰플600,"3,000"
CU,생활용품,엔젤)시카스피큘앰플300,"3,000"
CU,생활용품,엔젤)시카스피큘앰플100,"3,000"
CU,생활용품,하기스)네이처1단계66P,"38,900"
CU,생활용품,좋은)무표백입는오버M4P,"11,200"
CU,생활용품,퍼실)딥클린실내건조950ml,"14,800"
CU,생활용품,라인)뉴일회용배터리8핀,"5,000"
CU,생활용품,라인)뉴일회용배터리C타입,"5,000"
CU,생활용품,티머니)잔망루피욕은아님,"6,000"
CU,생활용품,티머니)잔망루피지금웃어,"6,000"
CU,생활용품,아리얼)포인트패치30매,"6,500"
CU,생활용품,하림펫)용가리멍쿠키,"4,000"
CU,생활용품,파니니)25EPL기본팩카드,"2,000"
CU,생활용품,CU프렌즈)C타입45W충전기,"29,900"
CU,생활용품,슈가)주방레몬민트1.2L,"6,900"
CU,생활용품,리락쿠마)자이언트인형100,"109,000"
CU,생활용품,나무)24스마트폰터치장갑,"8,000"
CU,생활용품,나무)24방한귀마개,"4,000"
CU,생활용품,엘르)24수면양말,"3,600"
CU,생활용품,엔젤)글루타치수분크림,"3,000"
CU,생활용품,엔젤)순수비타민C세럼,"3,000"
CU,생활용품,엔젤)콜라겐랩핑물광팩,"3,000"
CU,생활용품,유한)내일N스틱20g,"3,900"
CU,생활용품,유한)내일N리커버리25ml,"3,900"
CU,생활용품,티머니)인사이드아웃2불안,"6,000"
CU,생활용품,티머니)인사이드아웃2슬픔,"6,000"
CU,생활용품,티머니)인사이드아웃2따분,"6,000"
CU,생활용품,티머니)인사이드아웃2버럭,"6,000"
CU,생활용품,쉬즈)홀로그램패치28매,"4,500"
CU,생활용품,니베아)딥모이스춰립케어,"9,900"
CU,생활용품,타이니탄)립밤JungKook,"7,900"
CU,생활용품,타이니탄)립밤V,"7,900"
CU,생활용품,타이니탄)립밤Jimin,"7,900"
CU,생활용품,타이니탄)립밤j-hope,"7,900"
CU,생활용품,타이니탄)립밤SUGA,"7,900"
CU,생활용품,타이니탄)립밤Jin,"7,900"
CU,생활용품,타이니탄)립밤RM,"7,900"
CU,생활용품,한기)원단블랙일반우산3단,"10,500"
CU,생활용품,동아)비타C구미오렌지7입,"5,900"
CU,생활용품,CU프렌즈)8핀18W충전기,"17,500"
CU,생활용품,CU프렌즈)C타입18W충전기,"17,500"
CU,생활용품,모두의보훈)영웅핫팩패치,"1,200"
CU,생활용품,바세린)립테라피S로지,"5,000"
CU,생활용품,성창)비닐블랙우산65,"8,000"
CU,생활용품,리앤웰)키즈마스크흰색5P,"2,500"
CU,생활용품,티젠)풋사과쏙50g,"4,000"
CU,생활용품,티젠)푸룬쏙50g,"4,000"
CU,생활용품,하림펫)더리얼필렛참치,"3,000"
CU,생활용품,정관장)에너지활기력샷20m,"3,500"
CU,생활용품,정관장)아미노활기력샷20m,"3,500"
CU,생활용품,종근당)깨노니땡큐샷30ml,"6,000"
CU,생활용품,엘에스)화깨수20g,"3,800"
CU,생활용품,글로벌)일회용돌라이터,600
CU,생활용품,시리우스)강아지발씻자,"10,900"
CU,생활용품,핑크솔트)화이트닝칫솔,"5,900"
CU,생활용품,핑크솔트)화이트닝치약,"9,900"
CU,생활용품,뉴트)푸룬클렌즈샷20ml,"3,900"
CU,생활용품,아이)온앤업기획팩,"48,900"
CU,생활용품,뉴클)PD충전보조배터리1만,"23,900"
CU,생활용품,뉴클)PD충전도킹배터리5천,"16,900"
CU,생활용품,리스테린)쿨민트750ml,"12,400"
CU,생활용품,동아)박카스디카페20입BOX,"20,000"
CU,생활용품,동아)박카스F20입BOX,"20,000"
CU,생활용품,좋은)입는오버나이트L4P,"10,500"
CU,생활용품,좋은)입는오버나이트M4P,"10,500"
CU,생활용품,차오츄르)닭가슴살스틱4입,"4,100"
CU,생활용품,몬스)무광토치라이터,"1,700"
CU,생활용품,산리오)접이식부채,"1,800"
CU,생활용품,이너수)여성청결티슈10입,"7,800"
CU,생활용품,산리오)워터볼토이스탬프,"7,000"
CU,생활용품,모나미)양손중형가위,"3,000"
CU,생활용품,정관장)에브리타임리프레,"3,500"
CU,생활용품,정관장)에브리타임맥스,"3,500"
CU,생활용품,포유)힙합터보라이터,"1,500"
CU,생활용품,갸스비)파우더페이퍼70매,"3,900"
CU,생활용품,한기)원단블랙일반우산2단,"11,500"
CU,생활용품,BNS)다회용배터리C타입,"6,900"
CU,생활용품,BNS)다회용배터리8핀,"6,900"
CU,생활용품,서림)비닐화이트우산60,"7,500"
CU,생활용품,글로벌)화이트다회용우의,"5,000"
CU,생활용품,캐츠랑)전연령캣사료400g,"3,000"
CU,생활용품,바세린)리페어로션400ml,"15,900"
CU,생활용품,아우라)생화캡슐자스민2L,"17,900"
CU,생활용품,길마로)원단블랙장우산70,"13,000"
CU,생활용품,쏘피)무표백안심팬티L8P,"15,900"
CU,생활용품,짱구)디저트피규어,"6,900"
CU,생활용품,비트)콤팩트캡슐세제15입,"7,900"
CU,생활용품,동아)모닝케어간솔루션15g,"3,200"
CU,생활용품,크리)울트라클린3겹24롤,"35,800"
CU,생활용품,액츠)액체세제리필300ml,"2,000"
CU,생활용품,테크)베이킹구연산드럼3L,"21,900"
CU,생활용품,테크)베이킹구연산일반3L,"21,900"
CU,생활용품,퓨리나)팬시피스트연어1입,"2,200"
CU,생활용품,퓨리나)팬시피스트참치1입,"2,200"
CU,생활용품,아에르)KF94흰색M1P,"2,000"
CU,생활용품,메디힐)티트리스킨패드2P,"1,000"
CU,생활용품,메디힐)히알루스킨패드2P,"1,000"
CU,생활용품,메디힐)티트리마스크팩1P,"2,000"
CU,생활용품,페브리즈)에어린넨165g,"9,000"
CU,생활용품,글로벌)두손고무장갑M,"2,700"
CU,생활용품,벡셀)2032코인2입,"4,900"
CU,생활용품,존슨즈)콘스타치파우더200,"10,900"
CU,생활용품,존슨즈)베드타임로션100ml,"6,000"
CU,생활용품,글로벌)투명일회용우의,"2,000"
CU,생활용품,제일)쿨에어맥스파프200ml,"4,500"
CU,생활용품,갸스비)크리어필름70매,"3,900"
CU,생활용품,뉴트)밀크씨슬파워샷20ml,"3,900"
CU,생활용품,글로벌)CU그린비닐우산55,"5,000"
CU,생활용품,글로벌)CU퍼플비닐우산55,"5,000"
CU,생활용품,후코홀릭)황태와야채70g,"3,000"
CU,생활용품,아이)온앤업스터디스틱20g,"3,300"
CU,생활용품,아이)온앤업에너지스틱20g,"3,300"
CU,생활용품,BIC)미니J25라이터,"1,100"
CU,생활용품,BIC)슬림J23라이터,"1,400"
CU,생활용품,쏘피)쿨링프레쉬중4P,"2,600"
CU,생활용품,대웅)우르샷이브,"3,000"
CU,생활용품,모나리자)순수3겹데코4롤,"6,900"
CU,생활용품,시스테마)스펀지치실40m,"4,500"
CU,생활용품,아텍스)시나모롤양치세트,"5,900"
CU,생활용품,웰스)코비드홈테스트2입,"8,000"
CU,생활용품,메디힐)히알루스킨패드40P,"20,000"
CU,생활용품,메디힐)티트리스킨패드40P,"20,000"
CU,생활용품,CU프렌즈)장우산네이비65,"12,000"
CU,생활용품,나무)2단와인오프너,"2,800"
CU,생활용품,센카)클렌징폼40g,"3,700"
CU,생활용품,원니즈)삼각똑딱핀4P,"2,000"
CU,생활용품,좋은)울날대4P,"2,800"
CU,생활용품,좋은)무표백유기농중형4P,"3,900"
CU,생활용품,이즐)K패스교통카드,"4,000"
CU,생활용품,동화)퀵앤써샤인머스캣12,"3,500"
CU,생활용품,동화)퀵앤써복숭아12ml,"3,500"
CU,생활용품,템포)입는오버나이트3P,"7,200"
CU,생활용품,피지)디나자임딥클린1L,"11,900"
CU,생활용품,온더바디)발을씻자풋샴푸,"11,900"
CU,생활용품,벨버드)오리슬라이스100g,"6,900"
CU,생활용품,벨버드)닭슬라이스100g,"6,900"
CU,생활용품,아우라)생화캡슐로즈1L,"12,900"
CU,생활용품,엘라)프로틴클리닉오일100,"12,900"
CU,생활용품,엘라)프로틴트리트먼트200,"12,900"
CU,생활용품,순수한면)입는오버L4P,"11,200"
CU,생활용품,그레이드)라벤더향320ml,"7,900"
CU,생활용품,센카)로우pH클렌징폼100g,"10,800"
CU,생활용품,바세린)보습마스크팩1P,"2,000"
CU,생활용품,바세린)영양마스크팩1P,"2,000"
CU,생활용품,바세린)수분마스크팩1P,"2,000"
CU,생활용품,티피지)스탠드형제습제5입,"5,000"
CU,생활용품,티피지)옷걸이형제습제3입,"4,000"
CU,생활용품,티머니)라인프렌즈브니니,"6,000"
CU,생활용품,티머니)라인프렌즈레니니,"6,000"
CU,생활용품,해외)모기키퍼액60ml,"6,500"
CU,생활용품,시저)쇠고기참치통조림,"2,500"
CU,생활용품,CU프렌즈)차량용고속충전,"12,500"
CU,생활용품,루트비)방탄꼭지여성10매,"8,900"
CU,생활용품,루트비)방탄꼭지남성20매,"7,900"
CU,생활용품,종근)멀티비타부스터20ml,"3,800"
CU,생활용품,그린핑거)힘센선크림70ml,"21,800"
CU,생활용품,그린핑거)산리오여행세트,"11,800"
CU,생활용품,SNP)UV퍼펙트선크림,"18,900"
CU,생활용품,도브)석류레몬롤온데오,"7,500"
CU,생활용품,도브)오리지널롤온데오,"7,500"
CU,생활용품,테라)샌디스크커브USB32GB,"16,900"
CU,생활용품,예지)몰랑이오가닛대형3P,"2,800"
CU,생활용품,용호)종이컵10입,500
CU,생활용품,용호)종이컵낱개N,60
CU,생활용품,용호)종이컵50입(한줄),"1,700"
CU,생활용품,옵티프리)퓨어렌즈액300ml,"10,000"
CU,생활용품,뉴트)멀티비타민슈퍼샷,"3,900"
CU,생활용품,익스트림)아르기닌젤리스,"3,500"
CU,생활용품,아머)굴곡형콘돔3P,"5,500"
CU,생활용품,뉴트리원)비비랩콜라겐20g,"10,000"
CU,생활용품,포유)EVA슬리퍼블랙,"6,500"
CU,생활용품,세스코)에어졸수성500ml,"12,900"
CU,생활용품,삼양사)상쾌환복숭아제로,"3,900"
CU,생활용품,삼양사)상쾌환스틱샤인,"3,900"
CU,생활용품,HK)컨디션스틱자두18g,"3,900"
CU,생활용품,HK)컨디션스틱망고18g,"3,900"
CU,생활용품,한독)레디큐스틱레이디,"3,200"
CU,생활용품,티머니)샐리의세계여행,"5,000"
CU,생활용품,좋은)유기농탐폰슈퍼8P,"10,900"
CU,생활용품,좋은)유기농탐폰레귤러8P,"10,900"
CU,생활용품,하림펫)견사료관절1.2kg,"16,900"
CU,생활용품,지로)에어그립안전장갑M,"3,900"
CU,생활용품,지로)에어그립안전장갑L,"3,900"
CU,생활용품,한독)레디큐스틱오리지널,"3,200"
CU,생활용품,모나미)형광펜2입,"1,000"
CU,생활용품,먼작귀)페이스랜덤피규어,"4,000"
CU,생활용품,쉼)오가닉생리대중형18P,"8,900"
CU,생활용품,티머니)코리아투어에디션,"4,000"
CU,생활용품,메디힐)플로랄핸드크림50,"3,000"
CU,생활용품,메디힐)머스크핸드크림50,"3,000"
CU,생활용품,슈가)과탄산소다500g,"7,900"
CU,생활용품,가그린)카카오유자민트100,"2,300"
CU,생활용품,종근당)깨노니스틱복숭아,"3,300"
CU,생활용품,종근당)깨노니스틱배사과,"3,300"
